1jyrnl-2uB_5rRgMlssXM51NiUTqRkx9X.jpeg,鴨池の写真です。鴨池を全体的に見渡せる画角です。
1tLZb6mo5jMgkRl80QB3H3f5ACIDQZZyD.jpeg,福沢諭吉像です。SFCの中にひっそりとあります。
1Kso6sh_606d1qHaB52cHP9HTqArIPUWh.jpeg,綺麗な道の写真です。SFCは木がたくさんあり自然豊かです。
1uUzJlpbSY6WiLnzFLv7hbXJRIiV5xoih.jpeg,SFCの大学の正面の写真です。大抵ここから大学内に入ります。
16ROZ3OhPU_tyNdbcUyFbsDxvHI7Ma0Rn.jpeg,慶應ペンマークが刻印されたマンホールです。
1j6OIpuJIxFKGNMfgCNGRpzVkUn6hIR0H.jpeg,椅子に座って休憩できます。夕焼けの時間などがおすすめ。
1CBTbKExkATBN2rddvGm3sNt7DRdKPQRf.jpeg,サブウェイの上から見られる景色です。サブウェイに行きたい。
1uQyTQrfieeaA-XCPyrfsdD2M20RianUP.jpeg,入り口を入ってすぐに見られる景色。行きも帰りも必ず通ります。
1mEs_349eYMrOWywqWblyp8NZt8CX5X7h.jpeg,左手に写った円柱状の建物は、ウェブサイトなどでもよく見る。
1GJ5TxjupvlPGrigtJVnXS1dGnZ4dNCNC.jpeg,木のかげに体育館が見えます。健康診断で使いました。
1Fa3h5oQLRcPrLzgGeIz_x1gsKMROOcEh.jpeg,SFCに来たら一度は写真を撮る、SFCの中心福澤諭吉像。
1CrlbDfgc9YQPj8Sf8yMfG4eVgqiMmpjm.jpeg,私がサークルでお世話になっているSFC体育館。
1RMTI-l7BNf_ScNtZdO652gKExHo_zHUI.jpeg,まだ立ち入ったことがない大学院生の先輩方が使うτ館。
141pbdqJJ1bxMc0M8Q3HoEzMAU8AnXAQT.jpeg,私の所属する研究室も入っている研究室棟Δ館。
1RNV83P8OfqiPSDVmeO0wmtxDfK8mOg7R.jpeg,日頃お世話になっている生協や学食等が入るΣ館。
1M2dQ4PJqG3s2oViIn3t2t_MSATWl7bAt.jpeg,みんなが集まるガリバー池、でも鴨池としか行ったことない。
1Gg-A8QG1jFl0JOHK2UAnOwAzcm1vXjWx.jpeg,κ館と鴨池近くにそびえ立つ不思議なモニュメント。
1St98Ntdgl7k6PN_UIPwBnYTR07Rqd2f2.jpeg,たくさんの書籍と静かな空間を提供してくれるメディアセンター。
1ehNFBmb115sFH_j6WwaPXXpyojOA21vX.jpeg,広めの教室が4つあるΩ館、最近は自習室として使っています。
1O5HVqQg1uFZvFkp649K94fi64lHT3ST_.jpeg,SFCの入口。いつも警備員の方が挨拶してくださります。
1DFg43f0sEYTIx9iVJSUCRQzWBIPCcCn0.jpeg,かもるで有名な鴨池ですが、かもったことはないです。
1KcyjIwGOGlU5ewlHvZGok1uXay8lqPZy.jpeg,バス列が酷すぎるしお金もかかるので自転車で通っています。
1LSlks863a9dDxK3Etjkfo4AS3L2RhtNk.jpeg,生協にせっかく入ったのに未だに学食を頼んだことがないです。
1egXGduDGxwdFFNAVcqZ_5tXiYo2c5GxJ.jpeg,こちら誰も使っている人を見た事がないスルガ銀行です。
1ktr3c96KqA05TnwOnyGG_UKIS5UT1N_I.jpeg,θ館で卒業までに一度は対面授業を受けてみたいです。
1hDl5wlwjg07bwVg8lRVTODs_yWbtTkoi.jpeg,一生縁のないであろう喫煙所ですが、おしゃれだとは思います。
1GVUJvfCHq2wvsUFMoFQHppm8L_1HcsDt.jpeg,アリーナの綺麗さと設備の良さには未だに感動します。
18ZQjnL75xFHWsAmh0KfzpOcvfx-vvQ6z.jpeg,最近初めて部室棟を使用したのですが中は普通の部屋でした。
1H6w75XQka9CwsgG_3xHF4Maab-KC1oZX.jpeg,最近SFCのコートをサークルで使えるようになりました。
18kiHLKgPC5N21Ele341vVuNwTrbcf8gT.jpeg,一度は全員が写真を撮ったであろう福沢先生に銅像です。
1W0qF14RgSUPdTA0Cp6qa9kX2khlHZzn4.jpeg,入口の階段を登りきったところから撮ったオメガ館の写真です。
1XSG9DtKYL5S4IUdg3TD5zz8od5UT9T5a.jpeg,入口前から撮った、外周道路の外側の紅葉の写真です。
1IOuXXPqZgwocvbEk6urVi1O4rdy7Jho1.jpeg,駐車場付近から撮った、大講堂シータ館の写真です。
1JrPChDqi49WI82RuGZmXRO7nU_HC1WWX.jpeg,鴨池の近くの芝生から撮ったオメガ館の写真です。
1MFh0bKa1qGyKR8r89kml5H8YSeOBzc13.jpeg,秋の日の夕方に撮った、鴨池を見渡した写真です。
1iYOoFznJ_o8uFKAA-YC25c06TgiV4A2F.jpeg,晴れた日の午後に外周道路の近くから撮ったデルタ館の写真です。
1ZHtWSStjzVc3R5P3uJuxIgUNr4VnKGTT.jpeg,夜に本館前バス停から撮ったキャンパスの入口の階段の写真です。
1QOaCNAxWBLXskLgQoRJPZO7H28FTzgNT.jpeg,空が曇った春の日に撮った、鴨池と厚生棟の写真です。
11FmlWuRf1k0fUS9SssmrbFI80Hb7v0mS.jpeg,入口の階段から、キャンパスの外側の建物を見上げた写真です。
1-RncWhcJg7kj-z4oNra1g0he1D09cXED.jpeg,入口脇の芝生の前からオメガ館を見上げた写真です。
1EorZBvPeKpvYSG9Y-O4cS9HYw9YKOl_M.png,アルファ館の前にある木とベンチ。シータ館も見える。
1JVt__HAsRtmC7ewGcDzF0Me3raqu_buL.png,大学正門から見るオメガ館とアルファ館と階段。
1EuKxm_u1WZPCtStxO4AJvBgndy0IcNcl.png,大学正門前にあるオブジェ。三角コーンで囲われている。
1nmWyWEk-tx3L60afbk10kfwbO59UOerV.png,バスが回転するための道路、大学と高校の間。
16Ne7qZDj4pCpHS7yhR2J1AsE__0sb2ak.png,ゼータ館入り口からの廊下。田中研の造形物が置いてある。
1rtC0z6Y51wYp0eDKkURaoHpAoj4pMdxJ.png,ゼータ館104共用スペース。ドラムとピアノ。
1fKQB0SEnaVm3JLn1D6miwMH6Jaodiwxy.png,ゼータ館104徳井研究会スペース。ディスプレイがいっぱい。
1IJbrPqAANlH2XF-hgMkS5zR7pF_s_xAM.png,夜の鴨池からメディアセンター、オメガ館を撮った写真。
1xj12O4MJ66N9MnOxQkM-cP7UUWqzE3AD.png,体育館の手前の駐車場から体育館の入り口を撮影した写真。
17fUDYk7QuuCcmWgkJW08Mn3anrM6DGF5.png,体育館とシータ館の間、また、シータ館の間である。
17fUDYk7QuuCcmWgkJW08Mn3anrM6DGF5.png,θ館の室内で授業を行っている風景を中程から撮影
1ztXApvyqKEGVr-NXIWtxZ7Ss3-2DTLEm.jpeg,λ館前から七夕祭前に屋外の風景を撮影した際の写真
1U9UXsnocyvriLgF2K0tD0GOV3xVzNfAh.jpeg,SFCの原っぱでたこ揚げをしている様子を撮影
15nFPNt3RwqvXNiKhBn14SxJx3uUPfYc3.jpeg,七夕祭の後の部室前の乱雑な様子を撮影した写真
15U3HgpjQSokh1Fe28LGpeGrrC0CKmmzc.jpeg,小教室の中の机を全て立ち上げた様子の写真
1QGtjhaKqbsiVilFeLm3vE_BzNRFt5kwU.jpeg,小教室のなかで後方から黒板を撮影した写真
1bZP6BU2wObvwk29QYDrOKMvzn1T7zhai.jpeg,大教室に設置されている湾曲した机と椅子を撮影
1bZP6BU2wObvwk29QYDrOKMvzn1T7zhai.jpeg,大教室の後ろから前方のプロジェクタの投影
1G6koHw0kgw9vx3QynzYPocx6Ew8Fx25v.jpeg,水が張られていない貯水池付近の様子を撮影
1xSBDUpVQ4IqWP2fND8nWxlPwr9LEjrzE.jpeg,SFCに設置されている福沢諭吉先生の銅像
1WM2yN9uBreT0OR2C4rdPI7ggaz1HUIkW.jpeg,秋ごろ、鴨池とその横にあるサブウェイが映るように撮影した写真
1WM2yN9uBreT0OR2C4rdPI7ggaz1HUIkW.jpeg,ベータドーム内でSBCの授業中に撮影した写真
1WJpmxVH6AwARdFBI7Bm6cIFqX2BsnnKq.jpeg,SFCの建物からツインライナーを撮影した写真
1l-DZdHx-ldL7kz0tCSkARxEGpzK158L_.jpeg,秋ごろに鴨池と紅葉している木を撮影した写真
10ztGQFC_tSf6JeTJ8AOIz6lrLlqkeczk.jpeg,キャンパスからβビレッジに行く途中の横断歩道を撮影した写真
1x_PymXzVvSVGhcOGPGD6csvcbheZkoWN.jpeg,キャンパスを撮影する私を友人が撮影した写真
17dpdoBhBFtYignC0MeUSi32xarpw6rU7.jpeg,秋ごろ、鴨池の手前にある木を撮影した写真
1mKzQj0_Z2Y4JV7q9ZPzrqinxEcE2jjmt.jpeg,秋ごろ、鴨池で授業を受けている人を撮影した写真
1M0YAXyAtGf7xVZRhpSooa11gb6ybWMM1.jpeg,秋祭のステージを設営しているところを撮影した写真
1s3N6RbM9T9vDiXz6OjpguDQUSzCsUBsG.jpeg,βビレッジにあるブランコに乗る友人達を撮影した写真
1OvXovXvkAL_AZGBJJmZOBKnuVjqC8oce.jpeg,生協購買部の奥にある、カフェテリア「レディーバード」の店内。
1EqqpUXKBcadZ9JSYbxVzUtyylv6kN-mI.jpeg,雨の日に撮った鴨池、いつもより水位が高い。
1GAdHmbGnnoMbjKnwWI_5PX9Dm3pgDYPE.jpeg,SFCにあるSUBWAYの外観。鴨池を背にして撮った。
1f1X8EIWxa5JX7WOP6LHxx8maPm-Rc3zS.jpeg,メディアセンターの入り口付近。外の椅子に座ることができる。
15Xw3hgXi6wIAqvliWkYvpmaW_6XXkSNG.jpeg,メディアセンターと教室棟の間にある、福沢諭吉先生像
1GohFPlzCCibdlWgp5H9r1FlcWw1oaNYg.jpeg,メディアセンター、湘南藤沢ITCがある建物の外観
1b1O97zglhxYGDhMSb73KsPBg3VLDDT33.jpeg,θ館の外観。コロナ対策で人流制限用のカラーコーンがある。
1ikHYw7Ap7qGd9_ouz28ZCTBzBaEaNuqh.jpeg,Ω館の3階、湘南台駅方面の窓から撮った写真。
1wnh2yfudNahkAD2Gu4NwqQj871trI_bu.jpeg,Ω館の内部、上り下りのためのスロープと階段がある。
1lKDNk5Ncq2ykGp7eSTQXBq_RgwXXRZTb.jpeg,Ω館とメディアセンターの間のスペース。ベンチがある。
1pV_8iTQicKuA2UNIJCv2sgope5tf2K2c.jpeg,とても綺麗になった慶應SFCの男子トイレ。
1VATWggEC95SZj9DOP6ZSEaT2lfXcTaXF.jpeg,学生生協、ローソン、学生食堂などがあるΣ館（厚生棟）。
1KVj4YCTviiSS_q-raVd-guVe4lVnycr4.jpeg,慶應義塾大学湘南藤沢キャンパスにある池。通称、鴨池。
1O96ynv1Fx90BwhyGrSyW8OKM6rHAtwZ-.jpeg,慶應義塾大学湘南藤沢キャンパスと言ったら、この画角。
19x93bA-ybIMiW8pYumQkYn86aj-q-aVB.jpeg,慶應義塾大学湘南藤沢キャンパスのカッパ館。
1pmHdT7qSLwthIZH2fawENeykazYNIYU5.jpeg,慶應義塾大学SFCのイオタ館とイプシロン館の間の通路。
1lqrwkrfDwGox4L9o9Wt4f87r0vCUg84U.jpeg,慶應義塾大学湘南藤沢キャンパスのイオタ館。
1vqGdESNdqA7MJGZELtpPr-LxUB_38wxY.jpeg,慶應義塾大学湘南藤沢キャンパスの湘南藤沢メディアセンター。
1cJwQ9t1j5wEjKQD3VOWb_pBHP-LyMiBM.jpeg,慶應義塾大学湘南藤沢キャンパスの鴨池付近のたんぽぽ。
1WBbH0w80aveCytw9kGTl0LE1f5vaC1FC.jpeg,慶應義塾大学湘南藤沢キャンパスのオメガ館とサブウェイ。
1VYuACPmKz_oz0UpXaUhLnBV1mvsLRbSy.jpeg,大雨の日は入り口から既に水浸しになるのがSFC
1dhKx7FajMXVgrM5N2I-P2pLm-rrBewse.jpeg,秋学期が始まったら貼られていたオリンピック選手の方々
1JUvVAjT3iGic-Ww8269CW102n7DV0FhN.jpeg,天気が悪いといつにも増して殺風景に見えるSFC
1LlRJ-dRAHhxZFc6sHM7napQzSwyTpuaH.jpeg,雨で鴨池が氾濫したことは今までにあるのだろうか
1hcgEpxyKVvf6qIsDjJ6vzz73k8dZ70BB.jpeg,入学して直後は知らず、体育の授業で初めて存在を知った食堂
1yYL-2jho3kp28Vi3-dOj_sqv4Ak2KA6y.jpeg,雨の日にご飯を食べられる場所が限られていると感じる写真
1YHCNR2coOlWGyq5Vt0zTIUCa978FVbbx.jpeg,Ωの２階に行く時は、ここから右に曲がって登る派
1YHCNR2coOlWGyq5Vt0zTIUCa978FVbbx.jpeg,情報基礎の授業では一番後ろの席に座りたいです
1saB5jO0-mohHt6nHBLnQ4ZIJjCYEgdhf.jpeg,SFCの帰りに天気がいいと綺麗に写真が撮れるスポット
1Ec3znhGgZn5H2PTVSAng1J9s48RGjHM3.jpeg,1年の体育の授業で初めて行った、SFCの森部分
1dNyLViTM3bhlRyrLYo00lowJG0r5UPbp.jpeg,デルタ館。主に情報系の研究をする学生が利用する。
1L_hDv9XkA6017HffA2PFEYred79kmOIW.jpeg,KEIO館の廊下、ドアが同じ位置にあるため風通しがいい。
1lFMxdq9PPgKLeS8ub4Y_SpRg3edzVspQ.jpeg,コロナ禍に臨時で作られた更衣室。外の人からみられる。
1gnPNYNsOzsSQnffowhz-MyDAPWGWhG2m.jpeg,諭吉像。時々花冠が被せられてたりといたずらされている。
176iEf1QQ5Yuqq_RimljTyTTv7i6aEKdu.jpeg,メディアセンター前の机。雨上がりはにおいがとてもきつい。
1aRPYkMDgeOMHvNfrt3VT43jSdD9nYYaF.jpeg,メディアセンター２階の机。人が少なく集中しやすい。
1SwyEbQmmJUNDEwEiCUO9zwdzn48_b4ua.jpeg,サブウェイ。蚊に刺されやすく、蜂に刺される危険性もある。
1MB0Je6KM48We88BUf9zPBb2laTVzeXhl.jpeg,シータ館。履修者が多い授業はこの場所を利用する。
1jKdPcPvm4HGNgwC7FLR4BClZlX_asX6t.jpeg,コロナにより通過できなくなった道。卒業までに使ってみたい。
1j22gZQr6lKZChdftgqV6gPFmqSid3JCS.jpeg,慶應大学本館前。湘南台駅に向かう長蛇のバス列が有名。
177wyYkf5okCIfpSbiDu3kzsJhkHMuINv.jpeg,sfcキャンパス内にある鴨池横の食堂前のドア
1Xj0Nsl0sVgk-rt7-Jp3dIZUY1WbXWfvv.jpeg,鴨池横にある食堂、ローソンに行くまでの道
1_1IDlortM4MTi6liOArNTsQ0zZl6Blfh.jpeg,鴨池の横にあるsubway鴨池側から見た外観
1NmleEknWGBJEr2GTmPE4Ok3IXqT2bJ-d.jpeg,感染対策ゲートから撮影したsfcメディアの外観
1iGFyjXQHXd2U6y45qs8yeGWn99cOS5L_.jpeg,sfcのキャンパスの入り口にある大階段　奥に検問所がある
1GqLpWEjFhjExdqtXDk5_oGvLgVt0je17.jpeg,鴨池のよこにある丘　学生が良く日向ぼっこしている
1mGmegiCmzzD7iAbvIeSbNAgaTlZBPsMn.jpeg,大階段から見た北門への道　季節によって風景が変わる
1845HOvlrm2F29UUjrnx9feuBLTKXFrEL.jpeg,大階段を上ってすぐにある広場　キッチンカーが昼間に来てた
1SpHLLk09Hp2fAQttm8ABm5T8B9N464zM.jpeg,sfcの部室棟があるところ　運動サークルなどが活動している
1F5HmfgOd-tYAY7paeqRXthf3Vm3PqQpJ.jpeg,sfcの高校側から見た鴨池の景色　日が落ちるので綺麗になる
1UJWpYH6_9EbPvcy-5exBdTafu6wOoF5r.jpeg,SFCキャンパス入り口から撮った写真。バス降り場が見える。
1tphBJcuoBtxfZ6tmXxF077JkwGk71PJV.jpeg,研究室であるデルタの入口にある椅子である。
1vUhY0_sQlRW3ns0t7-B-y5bRQOnEt6xW.jpeg,駐車場から来て鴨池とsfcが全部見えるパノラマ写真である。
1x6QngZBsDcoTOqiEsi2bMDleseXANGuj.jpeg,sfcのアルファとオメガの間、２６番目の秋祭りのパネル。
1sqXeut1xdOM_fY9wXgGkVQUK_VRcqN54.jpeg,秋祭りの時、入り口から少し見えるメイン舞台。
1N0esGhgGWnlWo03XpNk7bTcP-zR375zy.jpeg,食堂に向かってる中撮ったカッパビルである。
1oJQspze4uuDXeF5VavqCrTjteuquXE9E.jpeg,秋祭りの時、最後にした花火で鴨池から撮った写真。
13Feq2oC5lfjYC60-gcv4-U0og0EwkB_U.jpeg,食堂に行く道である。コンビニとレディバードが見える。
12UnGGVyY5fnciNxbz2NeDV5nLqgwl6XB.jpeg,エプシロンビルを対角から見て撮った写真である。
1fYHU6udmrKqiazwAO-4b9fcHJsrKw8rz.jpeg,エプシロンビルを正面から見て撮った写真である。
1xxttBzDrm_UzPjwKlgnRHk2wWn3knzKE.jpeg,デルタ館の前の道路。横断歩道と標識が映っている。
1crOo46RTLKF9G9vDa0kqypO08fJI6UZB.jpeg,白い椅子とミニテーブルがある。ドアの横にはゴミ箱がある。
1dQ_10WoKC8sGXX_251bs4yQyeTuZeoJa.jpeg,屋外。銀色の椅子4脚とミニテーブル一つが3ペアある。
1GwIXKcAZ3scw3Yj_nbGgPKpu41eTSfPR.jpeg,キャンパス前の道路の脇。駐車場に二台の車が停まっている。
1mFrfjdKupmtLhdGO3fxs5RKo2XRbvxM4.jpeg,"""かも池が手前に見え,奥にΩ館とΣ館が見える。"""
1ww0PzXYQ0Vmlg7MoHLlmzVD3TYAaBgs2.jpeg,ピンク色の大型のバスが道路を走っている。
1h-HOObLJ8pMkWt15wRSqLG_3Qu8DFy7R.jpeg,横断歩道と道路が見える。バス停にバスが停まっている。
1KZu-ek-nIq0BFjbeB5mr182n8dBCkYLg.jpeg,Γ館と体育館が映っている。左奥には森が見える。
1ZrlebtRKsGrchh8Bui6f6pGWDe9F1dTm.jpeg,壁に水色の模様が描かれている。道路には三角コーンがある。
1TmoZWk5pMSDzsYNzCbjLxIxQ-FnR9Gss.jpeg,手前には二つに分かれた道があり、奥にキャンパスが見える。
1coryISCcBZ95HJyINlLXbJU5f6D5gEMe.png,SFCのM(ミュー)館。メディアセンターがある。
1vEMM6G1u0vRIj3-cFUqYP96SqVXhw7Wj.png,SFCのκ(カッパ)館。奥に見えるのはι(イオタ)館。
1fArBQbWXJKKmZPoJo84GVUYj1OAtx7as.png,SFCのτ(タウ)館。大学院棟として使用されている。
10_gDNf_z7nBDzJDVV0Sb1ASVXOMaKKZ0.png,SFCの大学グラウンド。さまざまな種目が行える。
18rPnA4OA8gYEZeHAFaaSacAfzNJI0IzQ.png,SFCのθ館。コロナ対策で入り口にカラーコーンがある。
1kPsLKItLwegOc8Zn1oVfrxg-0rCNrPTw.png,SFCのメディアセンター。３Dプリンターがある。
1clmW91v_l6kSMkkc6cZhPJZ9X3JBRg5p.png,SFCの鴨池の前にあるサブウェイ。ランチをすることが多い。
16DTUldY-urvOKVvRtBC68hKKDL-SF6pG.png,SFCのκ館を鴨池の前の芝生から撮った写真。
1lJFOt7EDEaYc5M8FhIlb2NcCb8jTNS94.png,SFCのバス停の前。木々が紅葉している。
1yUysoO4nYdz3dL6-qMPTdve7FBGUznxS.png,SFCの正面入り口。秋祭の時の階段アートの様子の写真。
1pfaSX123-M5E4NPKtnAfgRqOl3JJOzrE.jpeg,カッパ館はどこにあるかがsfc生でもわからない。
1Z7il0Y9g1ipYrp3plb9o4gTjcpD9SGSl.jpeg,さてここはどんな名前でどこにあるグラウンドでしょうか。
1jVKsZUcipapI2kDJitDuLdRuXJhpoLUr.jpeg,ここはsfcの体育館。よく体育をします。
1GyNEIuIJ75NSIqN9ZUQb5UnCIx6sxAxD.jpeg,sfcの中央にある大きな道。けど人は少なめ。
1onm4lxY2DAWKAR_D6m-nZ5RMPV6DKwXH.jpeg,鴨池の前にあるサブウェイの店員さんはいつも親切。
101AxNbyKushNaDDmQPUZYZlZKn55Rm1V.jpeg,生協が最近やっていなくてとても悲しいです。
1VaYsTePG5M8vsFoUqi7OXPRU350ZdrMO.jpeg,果たしてこの施設はなんていう施設でしょうか。
1HGcRndI7C2xiZBfKFC1XQh6rlY0hpe4K.jpeg,ここはsfcの自習室。ここはあんまり使いたくない。
1WFihorrZx-05PHgQSixQkAou5d8-M7F2.jpeg,ここはメディセン！メディセンはとても使いやすい。
17bCBIh2iVQTVWk-6KEdSgkoXelhhegK1.jpeg,ここは鴨池！とてものんびりできるいい場所です。
1Q3N8rtcQdIF4IMZyTUWVnlKuYBot3dpz.jpeg,『ヘビに注意』の看板。大自然豊かな証拠であろう
1asAEEycwska_KwYpiAJM2FKsh5Gm5wJ_.jpeg,富士山が見える５階エリア。学び疲れのリフレッシュになる
1gRDl67uWqkRNJcAcfn4lg7RugDJlbX9g.jpeg,カッパ館にあるプリンタ。休日も休み無く稼働しているのが良い
185Y8w_gFIHDeguIOPvDYmY0LEoaKbJEJ.jpeg,鴨池ラウンジのカウチソファ。一人で物思いに耽ることができる
1Uq5oDUSrh8FSaGJpisV61dODw0V5camZ.jpeg,鴨池のカモ。癒しの存在。サブウェイ周辺まで来ることがある
1f8cdKzzRyuq5Vwd_zujJvcfDBad0W6w7.jpeg,湘コミの契約ロッカー。通学時の手荷物が減る。置き傘に便利
1A3_O0b3nve-v_0gWo1BEdA1__vkBOOjr.jpeg,ホットのペットボトルがある自販機。学部生エリアでは稀有な存在
1ULuoAXhw8AovPRcEefqmmlEzkkttOlvb.jpeg,カップヌードルの自販機。お湯の給湯器がセットになっている
1Wp0rFZ1-uu9YyqCQsRSIkq__ozCUqFOa.jpeg,七夕祭のリアル花火。やはり祭りには花火が似合う
1D1q9SHYTAV7kkEnYxc9CT9yOnIIImKxz.jpeg,大型の横断歩道。ここまで大きいのは珍しいのではないか
1awak2M23bekPQmsJUd3jQEycK5X6aUZr.png,コンクリート打ちっぱなしの校舎はギリシャがモチーフらしい
1VCaAezdR-ShNrnruUjnpxhpdwnrIBwPd.png,3階建てのメディアセンターはみんなが論文でお世話になる
1mskVP8fSz26E5qeIkwiE5H7HzfigUMHB.png,人里離れたキャンパスでヘルシーなサブウェイがあるのは嬉しい
1-HXsFc9qN6zl4UTRtjfpkxY5l5mzbI2G.png,鴨池かガリバー池と言われているSFCの象徴的な池
1VxrDXIJXuO7jKvw5_c55MWxkmskE_tJz.png,学食とコンビニと生協は休み時間には学生と教員が一極集中
1O9CZlMZDM37H79BCgGqUlaoeh-RP3YFZ.png,SFCあるある教室の名前がギリシャ文字でわからず辿り着けない
1LRI-QdkaMVHkz7Wl5ZJkGOzHDe54UR6r.png,慶應義塾創立者である我らが福澤諭吉大先生の銅像
1Txdw0LIKGJkFPnWx7BhYOWs_kL3ePFLW.png,ベンチが多く、アーティスティックなデザインなのも魅力
1zVFKbXNGkdbVMjrGMHcvl-7t282hM4It.png,渡りにくくて入り口で緊張感漂わせてくる重厚な階段
1l9IwIN29vjQKVfZG1eb5O5L_VeY3GvVm.png,自然豊かなSFCの周りの木々は紅葉がある秋が個人的に一番綺麗
1r1FTy0dPO38rCwch6En1sV_ysrr-SOhA.jpeg,サブウェイの前にあるアスファルトと日陰の写真
1U_dXUajslLiz9Au94oRKPse2CWjO1LM7.jpeg,画面の左端にサブウェイが写っている鴨池の写真
1XOoLBjpDSPaiUiL6MmvFOVAyJaxo0mmI.jpeg,K館かE館かI館かO館のうちからどれか2つ
1-0pkytc_44zsN85VC1JzLenyVGYdNuFk.jpeg,SFCキャンパスから見た空と木の枝の写真
1qARuYKGOW52l87-CLI8yrwd44zwdyKIW.jpeg,左下に写真をとっている友達の影が写ったアスファルト
1gKCB2WL7y1cxzl_OVR7aPqV35AKrMW-U.jpeg,キャンパスの真ん中にある建物だが名前を知らない
1C_mPb3M2Nn6IGtWusBIhK3JAOqz8Hu1t.jpeg,正面から撮った慶應界で一番人気のない福澤諭吉像
1bsqfF7BdFm-y9DvCq2rH9e_jpa-mfBTj.jpeg,慶應界で一番人気のない福澤諭吉像の裏側の写真
1JoaIHIPCA-R6yukXXbf9sdKGaxaicPF1.jpeg,福沢諭吉像の裏に文字が掘られていたので撮った写真
1twVY-Un2Vul9rNDfGLSNm303j4vNeGkG.jpeg,写真のネタが切れたのでしょうがなく撮ったトイレの写真
1PvmOMfSnqtO40LaxdM24WSkNhOpZxXrA.jpeg,SFC内にある、生協の食堂のメニュー写真
1GjrH7agoiUJskQwvY3gZYPv5jkQAg7XA.jpeg,バス停から撮影したSFCのキャンパスの入り口の写真
1DYtqXBC3smigt3EN1CQJujBZKXqX65F9.jpeg,秋晴れの空と雲、及び広がる鴨池を映した写真
1Aj08zrp_oJvMWsO2ROx-Pba9BM9mrToq.jpeg,SFC内にある、生協の食堂横のラウンジを映した写真
1ky0LL182D8ATaxVKGmZeP4adzvIDF9TA.jpeg,メディアセンターにある、パソコンやモニターが並ぶ場所の写真
1hL3xs8ab_BKdcLE385BDgc1PvY42u-MH.jpeg,シータ館にある大教室で講義を行っている際の写真
1qjBTCPzjM-o_yXfD2As4PXNaa7UgaRIP.jpeg,鴨池を左手に、SFCのキャンパスを映した写真
1mSvfa5ysBnxAwgm4Romi9nbAOGiaXOhG.jpeg,体育館の付近から、SFCのキャンパスを映した写真
1PeoZQWQSa6T3a5T0Exkj9a1Xz5ivvkhb.jpeg,SFCのキャンパスをバックに映した、福澤諭吉像の写真
1D3RcS4Q7gRSPBpiiWRumk1XYRyGwRiuB.jpeg,緑色の芝生に座りながら、鴨池を映した写真
1IJwdwPHjcu9_lOcCwy8cnx4F5_7sc2PE.jpeg,オメガ館の外から撮った昼頃のSFC内の風景。
1luRXTNDC8yXZauXGAwsbgstjfPX2cNbJ.jpeg,オメガ館の外あたりから撮った生協の建物と風景。
1DZ13gdfjl8rPFyPGFXBMknt-f8mqNbKv.jpeg,SFC大学内から撮ったガリバー池と木の風景。
1vHsXHC1ty6escy6jbWRHUtnzQQfvJJVY.jpeg,ガリバー池の近くで撮ったSFC内のサブウェイ。
1rDCldL-JXU8YEbjlBwtshIZQuiFxyCob.jpeg,ガリバー池の近くで撮ったメディアセンター。
1B4P3dW7tk5FfL3PHq6Uco4eipb8v_8iQ.jpeg,SFC大学内から撮った青空。雲一つない快晴。
14gHx_w68-DGTQbd9qgD9RyxgHYUj_j3q.jpeg,SFC大学の入り口からまっすぐ歩いたところにある福沢諭吉像。
1_6U9aRZ1MCyk2mXIBZSiSNpVQKiLVaQY.jpeg,福沢諭吉像の近くから撮ったオミクロン館の建物。
1vnMSYFeVk0OBQn1NIAcSnSSbBqB3x2xU.jpeg,福沢諭吉像の真正面から撮ったSFC大学の入り口の風景。
1rWh9rpcVGyu04QfZgoGGAYOVz4CKubrD.jpeg,福沢諭吉像の近くから撮ったシータ館の建物と4本の木。
1ZqeaBRf90N1_WncbAtH_saxgSQv8dQ7l.jpeg,SFCの名物である、鴨のいる池。正式にはガリバー池と言う。
1qeqAZm7wpSGut1mYM-6CHPzYI5jdnB4L.jpeg,バス停のすぐ目の前にある階段で、絶妙に登りづらい。
19ZW8Xb01H3fAJFeC83RKjCRIbHfmQZ8j.jpeg,北門からキャンパスに至るまでの坂。林に囲まれている。
1tQ4Kn1pg0rWGwGuURt-HZOuSVRJ9EvN1.jpeg,SFCの主要な入り口である北門で、バスはここから入る。
1IFpJqg_mJ9sTL1_T4SsQLrFX1yHclwpY.jpeg,夜のバスロータリー。バスはここで旋回して引き返す。
1tyOZFlM9riVi40toD7ywn-kk9490Fkm_.jpeg,半円形の階段が特徴的な遊水地。タロー坂の途中にある。
1v6_oFqwknt71cZeoRHoPAmwSfv5sGvRa.jpeg,慶應義塾大学の創設者である福沢諭吉の像。
1HV1zbm_qUXopMuuUGt2IRcDG47oe09ou.jpeg,キャンパスに隣接するSBCの建物内部で、ここで残留できる。
1t4IjomY6D47Vh1Mek-AXjNgI0I3Vw0NS.jpeg,グラウンドの近くにあるパラボラアンテナ。
1O_2-wgKmDj3K59dEs4AuCx_4DqqCUMFF.jpeg,屋外にある謎の柱。中は空洞になっていて地下の換気に使われる。
1HNVFtIEbdvdoQpU1aya3ni_DZJgaY9lx.jpeg,空を遮るもののないSFCの広大な秋晴れの空。
1kaCiRJli5NsbRdQa4XdRtcn0Bw8KXE5L.jpeg,曇天の日のSubwayの後ろには、オメガ館が見える。
1apqt8jx66OnLo9irkPIWbm9eVo76S7v9.jpeg,秋晴れの空に、自然と建築のコントラストが映える。
1u0VN4Lwnng7G-9wJzJhyVbEskhFytxn7.jpeg,正面玄関のパースが効いた写真。木々が色づき始めている。
1EI4PeoXxGkb0iTdTt5wLS6Z_hOewrcEa.jpeg,キャンパス入り口へと続く並木道。カーブが美しい。
1ft8-pPIqasggPWVwz13PTx5J4bb3K1Yn.jpeg,秋の日の快晴のSFCの遊歩道の木々は色づきはじめている。
1Yl67tNtdRK-gMPs9zlzag1JCa3LxR1z6.jpeg,雲ひとつない淀みない空に、紅葉した樹木が映える。
1v67_9Aj6yT3D_526CP3BTc78V50pBsxn.jpeg,太陽が気持ちいい秋晴れの中、SFC建築がどっしりと佇む。
1d-whUz_FNgqSlYvFVrVFto5QZVD5JKdQ.jpeg,SFCの入り口の並木道。撮影者の影がくっきりと写り込む。
1FscevqTauzcP5B0whT-viq3dwBnqx-8j.jpeg,鴨池と青空を、落ち葉の集まる木陰から望む写真。
106OxXZ-EJO_uqmD9QlDrI3t3DNzTmh51.jpeg,コロナ禍前の鴨池脇の様子。人がたくさんいる
1lpOPLWt4of_zayq1cUoi4f8l6_H1Zd57.jpeg,慶應義塾大学本館前バス停で降りたすぐの場所。森側を撮影。
1JZDRRW1BTBR08kFHU3nx1rPOGAYKiCWb.jpeg,慶應義塾大学本館前バス停で降りたすぐの場所。本館側を撮影。
1qXzFTFY-Vb6u_qZL1LUjdGH9sAwdRHdB.jpeg,水が流れることもある「カスケード」が印象的な本館前の様子。
1Kkgyh9zeoTfi7K4DAHyPpS4YDE4Kr73u.jpeg,カッパ、イプシロン、イプシロン館を収めた様子。
1tJGKHH61MSUHzSbUEpPoX2qvlFKi1zJi.jpeg,オミクロン館及び福沢諭吉先生像を収めた様子。
1MIoUeRvvG-qX1qBoVVP5UOFIGeM8c1tM.jpeg,ガラス張りが綺麗なデルタ研究棟を正面から撮影した様子。
1PWgW1v8KiPlmRYYSarGg8xrSNOU_7fqn.jpeg,生協前から鴨池及びバス列を撮影した様子。
1lcYk0n79qdhuHHaSRx0GLEiI5oaBcYj8.jpeg,生協前から鴨池及びバス列を拡大撮影した様子。
1fk9FfCnz0ZAr_f60U1AqzzLuCHu6Uirc.jpeg,本館側からカスケードを至近距離で撮影した様子。
1PISQ-2XqiHZnjxD71uuxSbPy7kvX0AYb.jpeg,イオタ館とオミクロン館の間に生えている大きな木
1qXjxsbOuDoEf8_WH_l4MbW_naOJ_scVa.jpeg,道路側から見たオミクロン館と、いくつかの木
1cPfzlJ9OJD7qMqUbDZclB-0QSsBK4TlB.jpeg,道路を挟んで見るタウ館、葉っぱの落ちた木
1tzKFu6H6-84lfIDqR2Lo-iiWfRNyKrGn.jpeg,４つの研究・教室棟の中を通り抜けるための道
1A4luhFdajtlMKjrD2ZZhjemRnp80qyGR.jpeg,卒業生によって寄贈された、少し曲がった形のベンチ
1hwRhfQ7nm-cuJqOZYbry6xDapfzXrmuo.jpeg,特設ゲートを通るようにと記された看板と撮影者の影
1le9Wn876eUfsMyle6Fh_agqZulgIA5we.jpeg,横から見たSFCの正面入り口階段、それと芝生
1fnWRv5CjSmbi8yEIX-ljKdwJgDuzp0EB.jpeg,鴨池と紅葉した木、そこに集まって話す人たち
1-bAIdQvxHL1JbNzOXT4gbyDg44EUX3iI.jpeg,鴨池のほとりですっかり紅葉した木、そこで寝る人
18RQOuz-mEvVEDrhMjpEPdQ2Oss3DoGIV.jpeg,お昼時前のSUBWAY、奥に見えるオメガ館
1F3-EKMJ3ACy9iQ269suIPxCnR2x0HPmW.jpeg,図書館の窓から撮影した青空。非常に晴れている。
14JGo26wCDyjRl_LxLcv-Mzq0FOGGSzd7.jpeg,sfcのはずれにある新しい施設。ここで来客が停まるらしい。
1OZtKmFd93LmlEF8wBNeyb-6VoN2iSxYT.jpeg,sfcの喫煙所。私はタバコを吸わないが評判らしい。
1LIY2o7OH4VeZChgnFrfTMe1auhfTN98f.jpeg,入口。階段の歩幅は馬の歩幅になっているらしい。
1zb9UQ8KneLJ1HHfjR0143vMP1zB-QQyr.jpeg,有名な鴨池。この鴨を食べると退学との噂がある。
1dkRmF7851KH0TVyD60Pm-4J7sC0n2zTZ.jpeg,メディア館から見た正面玄関。ここから入らないと怒られます。
1YNOD62iVGJrqQ_7ZHyilqTotCVob6nxU.jpeg,事務室。何かあった時はここに駆け込んで助けてもらう。
1xEdbDOlM8Xz6sX51Nqkr-l1FCCLLnuKp.jpeg,看護医療学部。自然が豊かでsfcからもさらに遠い。
1GUHJLNz56wHRE4j0tofh0g4DFcoUtA8r.jpeg,図書館から見た中庭。そこで授業を受ける人もいる。
1zW6yjmq8YwQ70I6sVwIv2fUWK8-GMakG.jpeg,通学路途中の草。謎のキノコが生えている時もある。
1mLwHdZqS6_DllJfiyWnosWnFLVc_ktf7.jpeg,k館の裏。夜になっても煌々と灯りが照っている。
1fHR53V1m5ZgVQgNW9B8Hbay79MADhBLn.jpeg,スルガ銀行のATM。使ってる人を見たことがない。
1yH070VPaxF7ODmPhO9pl-Y0vuXCnduUr.jpeg,諭吉像。威厳がありすぎもせずなさすぎもしない素晴らしさ。
1fF9J7yLtMzqFDNbzOZ6i48wgObTJWUVz.jpeg,夜のτ館。ガラス張りに電灯が醸し出す未来感。
12Rc9o27FgerPgW49kvq-LWY0lLQIumQ2.jpeg,SBCの内部。木を使った温かみのあるキッチン。
1R8yMX-FU9dlcnS1yq7EVDuiZe-Y_0y3P.jpeg,Δ館横の喫煙所。森の喫煙室にはない手軽さ。
12YNLLJR6j7tRi7M2AZB-TN9kfl9pigYC.jpeg,Δ館。SFCに相応しい未来感溢れる一棟。
1BOtgIB7YypXsWutO53wfjHQN4cWGFtPW.jpeg,Δ館横のbloomenergyのサーバ。
1o_IwBI0bdWiXnbQKdhsxhtl3plWFT5Kp.jpeg,SFC前の階段の風景。広々としていて緑もある。
12ENmwNvFwqUNcx-2Yvhq_FR8zF_Ko_yy.jpeg,Ω館一階。イスがあったりトイレがあったりで憩いの場。
1V4O4xFwPDeGDeTIr8Rqyrv-U2J2j1pBj.jpeg,シータ館の中に入り、内部から見た入り口付近の写真です。
17BBDqSJu5SzfovI06xxDebea8sR-Hio7.png,シータ館を遠目から見た、引きの立面画像です。
1GO6SzYb1ma0LfvL-2UnqhnIN7RsYGJLH.png,イオタ館とオメガ館の間をつなぐ外の通路です。
1PYlyYA7ZAw3Rl4NkfAtdAGgW6yxBANyY.png,SFC の教員の方々が止めることができる駐車スペースです。
1f9BbcrjEK2OHEV_Wya6ZiePOOkUglg9X.png,教室の外を出るときの扉です。この扉は至る所にあります。
1Gv2y2Cx1zUHRMGbap1OyNWk3AiWDHYxO.png,帰宅するときの夕方に撮影した、湘南台行きのバス列です。
1vbMXcv3zOEIWNzsg926w18sksnz-e52X.png,キャンパスに到着する際に降りるバスの停車場所です。
1VNT8FyzhqEg9nm6SZrjMvjPE_4r40xR6.png,芝生の前でたまることの出来る、ベンチです。
1R_Aznkjh9Sd8CaI2214RV3xtIIO_tckX.png,現在では、自習やオンラインを受講することができる建物。
1gJTNZ30l4TNGyJ3kM0hUa8JA6eVqAh0f.png,外周の外から撮影した、SFCへ入る入り口の一つです。
1YPN5dWarmrYvM754EipEXztPpXQNxIyo.jpeg,秋のバス停近くに植わっている紅葉がきれいな木々。
1iWx7vTAmsOVskC_prrYsnavrpzdXSIL3.jpeg,バス停付近の横断歩道側から見たアルファ館
1vE6UWU9-Ujj0HCxKlGHrFh-PLkp9aZLE.jpeg,メディアセンターの入り口から見上げた装飾。
1E6F1RMFHRJfGVkIfI8LnKP745Bsx50kO.jpeg,カッパとイプシロン。言語の授業でよく使用される。
1Gh3FALhlDMiJ4m50UTJlqdp9DpPLBZ6m.jpeg,メディアセンターをカッパ館あたりから撮影したもの
1seCbL1EfVtwcXiw1GCz1plYNyj0Ybfr8.jpeg,イプシロンとイオタの間からメディアセンターを見た写真
14NE20uy-Lo1ikzvq1D6VT_qHIax-XZYc.jpeg,イプシロンとカッパの間から見たカッパ館。
1NyZc_1tknsfJt301a86FdrxB5q7dujwT.jpeg,去年の秋ごろにとられた鴨池の写真。人は写っていない。
1gG2eXoWsbx4rhUvJ-BQClI8eFlNWzQ1W.jpeg,鴨池側から撮影した、食堂一階の外観の写真。
1qer46XkY8NW-xKxZHS4xu5OVaFlAuSMl.jpeg,食堂、生協の建物裏手の写真。コンクリート構造がきれい。
1ev1EhXSeriejTqiaUsQf0MX98sFDe_0k.jpeg,SFCの校内に入るためにの必要な検査を行う
1RJMG6M9KSYHYzJ8EQYUfDlkzXVUeNen6.jpeg,校内に入る前の何段かの階段とオメガ教室と空
14V6o0ySpD37mX17cysFw5KpUr-xnzMFb.jpeg,校内に入る前の階段の数段上から撮影した事務室
1uWmx1vq6vSx0lASzCIsY9ZqEGu81Gge0.jpeg,SFC生が行き帰りに用いるバス停と周辺の木
1G1K3TkFaJv3a-6SEj03oumXK1wVdMYY3.jpeg,校内に入る前の数段上った階段から右手に見える景色
1u0w9xGZ8MhAa63aJnjsG9WEmYMicFQ58.jpeg,メディアセンター内のパソコンが使用できない自習室
1myxlFTbCsWkJJfgcZk-5UJPaeyIlOxn0.jpeg,"""学生はSFC校内に入るために検温, 関係者はIDをスキャン"""
1KOr_nb5TLGBjSpScWYyJAeEke1aszd_u.jpeg,メディアセンターの入り口と入口前にあるベンチ
1K9C84b3xUvXL6SgHrg90wIch_sUxE_zX.jpeg,インフォメーションテクノロジーセンターの入り口
13LSu1e8fJB6LCIJAr5G9Tyh2bpK339Ae.jpeg,メディアセンター内に保管されている沢山ある本の一部
15IRh5Qadiwzl1dKEtfoIozbmo3G89lE0.jpeg,三本生えてる木が徐々に徐々に黄色になっている。
1NIO9pM7Xrygf9AaL68-qGP__oSx_EsBY.jpeg,椅子がきれいに並べられている。SFCの事務の人は几帳面だ。
1HUh4HFR5WVtQUy9wY_ULXP4B1F_rpabA.jpeg,電灯がある。夜のこの道はどのような景色に変化するのだろう。
1VjBi0_rvz_RJnMTyKpmZcjAQjWQjM94y.jpeg,薄暗くなってきたがまだ学生の人数が多い。
1Bgds0yd5oje_JMC_U1GK8yq9BGTsYAn5.jpeg,素晴らしい天気だ。こんな日は鬼ごっこでもしたい。
1xkDyFpn4dvpBs0EGZrlIlhgQIHKYnB8A.jpeg,何だが不気味。映画の世界みたいで今にも本が動きそう。
1pSwt4LDX8d0KS8ysDWP-GDNOScG-84GC.jpeg,落ち葉が多くなってきた。鴨池も秋を迎えている。
1O1OMwV_uaoDWpB78AuURF7DcgUI8p2lA.jpeg,こんなにもいい天気なのに人がいないの不思議。
19qxt8LicX_rM8zc0pU4yTrma3fTLujgk.jpeg,雲がガラスみたいに薄い、あの雲には乗れない。
1QJn3lVIhO-KVzlMGWHj0NcB69nufpOxA.jpeg,神様仏様諭吉様、草むらに立てて怒られないのか。
1p7l-pQPbKRR6bqP3i6D9bMv_XjPSSNMm.jpeg,SFCの入り口付近の広場に作られた秋祭のステージ
1i_1pt0uIOI4NAZ5RigLTlNCxb7G5X8dD.jpeg,構内にあるサブウェイ。屋上があり、鴨池を望める
1eaJ0Sugxt4lkhulc7sydFN7FhlRHzWY3.jpeg,外から見たΩ館。隣のΑ館と外観は似ている
1ukFwPFXtpnNK-fIkUrVq53KJOdn8Z1SL.jpeg,鴨池の近くにある謎の2つの直方体。コンクリート製
1j7cnaOHXhmd1zBtiw1obV_G08dM1433J.jpeg,外から見たε館。κ館、ι館、ο館等と並ぶ研究・教室棟の1つ
1Ty20HFR8VuBf7OVoqV2N7MOakTy0Qq_Q.jpeg,Μ館の奥に広がる敷地。写真奥には福沢諭吉の胸像がある
1_jGeHDQ6F4ZNRxIOiZR8OljJzcfCTqlA.jpeg,Σ館。生協食堂やレディバードカフェがあり、鴨池を望める
1vN3XqGP3sizH5KD_MRljUrNmvizy_pzf.jpeg,外から見たΜ館。メディアセンターと呼ばれる図書館がある
1FqnPunetxO4Smf6FruC9QDsNq8iB5m6H.jpeg,Ω館内のスロープ。距離が長いため急ぎなら階段を使うべきだ
1b9axHxq3-x18XOOhIRJOnhHn8n1kg0X5.jpeg,神奈川中央交通の慶応大学本館前バス停。ツインライナーが停車中
1cveY0sEwuD-PVYHYEySWlslL7aoZObXO.jpeg,SFCキャンパス入口から撮った夕焼けと建物の写真
1oNF-wOiQXrL823oW9-CtHuRFLFaMKPIT.jpeg,鴨池で撮った緑が豊かで美しいキャンパスの写真
1uIIR-gEGmqLV2qbt_nMynJO4Y9ayYzS7.jpeg,SFCの自習室から撮った、外と内の明るさの違いが美しい写真
1Sj8GS6-kef5waCtKpoWudkNQU-tH2nQX.jpeg,葉の落ちた木と明かりのついたサブウェイの写真
1rU8NvcK5iNKhjfK1kJLeB8pffoHkjdD7.jpeg,教室を移動する道を通っている時に撮ったSFCキャンパスの写真
1TQXuPFBGwouBODRVSm8Y-KkFeKS3j2E1.jpeg,福沢諭吉像と緑美しい木々を撮った春の写真
10oC66jLOTauXhdArI2f_97Ol885oVpOE.jpeg,晴れた日にSFCキャンパス入口から撮った青空と建物の写真
1WFLGXtA9dFXouKu9IFJbP0l5foOreUtm.jpeg,SFCの自習室に人が少なくがらんとしている写真
1xOTnr-QX2uZ8soR0S4Fvaf7Ym16Le8zh.jpeg,鴨池辺りで撮った教室へとつながる両脇の緑の美しい通路
1yguCdcxZMhmk0ktKaTlbhV58qtrfD3Kc.jpeg,ラブウェイ上から撮った草木が生い茂るSFCの写真
1IA5IXzuNPF7RIsTpE89BUfY9QXgLoJR4.jpeg,SFCにあるおしゃれな螺旋階段。白い塗装が施されている。
1eQPX2ywEFazN4bKfSeQmFTgQH6zISLwc.jpeg,SFCにある大きな木。自然と人工物の共存を感じる。
18q4jDYY_I7_A07kQDGbehKCqapVxx3K1.jpeg,SFCにあるバルブ。これで構内の水は管理されている。
1OF50TCMs3oV1EY_sZMM1R0khYo6VGdtw.jpeg,テラス席。日に当たりながらの食事も良し、友達との談笑も良し。
19YmugKcdrvBgnNo5uTVliSQGbIH2Vczx.jpeg,生協へ案内する看板。階段の下には食堂がある。
1dUUByx0xi1ndtMKumXuvhlFgi9n-e5lz.jpeg,SFCに建っている謎の棒。何に使われているのだろうか。
1kPbyZCIYQ5o__cu_QJR32tF_YQa_4UP4.jpeg,鴨池。SFCを代表する観光スポット。多くのカモがいる。
1lr4SK7EopppcxrW3Ggibv3gjUMkAGELw.jpeg,講義が行われる教室。感染対策で窓が開けられている。
1f9326vfYjTpIt0WY2shZSOlfGfIgI5pY.jpeg,キャンパスの玄関口。ここを通ってキャンパスへ入っていく。
190NwLzmp6EEsSyHkOT9s7MA2VwDVHqAy.jpeg,キャンパス下のバスロータリー。隣接する湘南慶育病院も見える。
1_hxAwWMpsimYu8GcvBlIhzUE_aHcljNy.jpeg,メディアセンター。大きなガラスから3Dプリンタなどが見える。
1tpORQxy3Lkn_CGJhHGiVhNbWCuFOuAZg.jpeg,入口。警備員さんが常駐していて現在は検温が行われている。
1ddw77E0m6_0_fZygRJ9OFd10fG1PIVFj.jpeg,1997年度卒業生寄贈のベンチ。座っている人はあまり見ない。
11Tu1JzUDJRH8Kgq86uMfJR2-aHleO7L_.jpeg,シータ館の前の階段。病院のような雰囲気も感じさせる。
16lUOhsMiXa5mexptGDWsGdL08TtCC_LU.jpeg,福沢諭吉の像（横から）。ポツンとしている。
1S6SXCCP8D0qWw874ya7iQi1QZDAbPS5z.jpeg,KEIO館が並ぶ一本道。よそ見すると木にぶつかりそうになる。
1jV0seisZC7hB3eSkdAZddLSXP7K4ytAb.jpeg,アリーナ。手前には駐車場もある。銀色の屋根がかっこいい。
1_zqPLl7JaA4poRXheiVXCbOtsSUFfTpe.jpeg,グラウンドに続く坂道。グラウンド整備のトラックなどが通る。
1tsWJ5Dx9nrrWQpr251w1UgzEGHqO_WXX.jpeg,ガラス張りの綺麗なタウ館と、それに続く階段。
1znuTHfUa8GbXkm4oc_jI0jGYV1ukPDDL.jpeg,慶應大学本館前のバス停。夕方になると列が長い。
1YFosdOXtR3q3-fDIxZyICmScjNwWyQfn.jpeg,SFC前にできた長蛇のバス列を取った写真
1WVZKUBZrtqpTz50SkiEs00hcqS3Z3DRG.jpeg,冬に撮った誰もいなくて寂しいSFCの写真
1lZ3htoSsT3BmOb9eBHZvjN0_7hLoO_Sf.jpeg,メディアセンターで作った脳の3Dプリンタ模型
1ht_xFegHZhvw-a0HB4v4l9qXpxh3OaW-.jpeg,SFCのバイク駐車場で撮った自分の原付の写真
1IvBIjtBPsok5lEeCApYv7Y2cCVdenARM.jpeg,冬にメディアセンター前の撮った誰もいないSFCの写真1
1Y_8RFm8dx4U7H7zGSPswchwUT4gZvZlv.jpeg,冬にメディアセンター前の撮った誰もいないSFCの写真2
1894xamXihJbr4dWAa8q2EmTvf2wU0FhR.jpeg,冬にメディアセンター前の撮った誰もいないSFCの写真3
1EKKQtNTl1wT8PLD_srkejFwY7I-0jrfc.jpeg,SFC前の入口で撮った晴れた綺麗な青空の写真
1m3vfRu7iUREDdGsaJKiNNxxpX8I4ajZd.jpeg,SFC前の入口で撮った夕暮れが綺麗な写真
1xzrogns70sD7bHOU3iyM2Xas8en-fuRM.jpeg,SFCの講義室で撮っておいしかったコーヒーの写真
1xzrogns70sD7bHOU3iyM2Xas8en-fuRM.jpeg,鴨池で炭酸水を飲んでいる。季節は秋で、木の葉は落ちている。
1e8jqDqpDi7_9HvLkx5aq20N1VhIG52gL.jpeg,暗くなり始めたころの秋のバス停、ライトが灯る。
1bhm2wCM2TEt6AxwU1US81ob8Zd5_8jEc.jpeg,SFCの正面玄関、通称大階段。街灯がともっている。
1WVYxrEZQx6Tvxd1tEEtCz_91qDvWA8yN.jpeg,メディアセンターの二階の窓。自身の姿が反射している。
11idswxOJSitip9iL2BI9FSYGJmBNbowa.jpeg,大階段を上ったところで、メディアセンターの前。
1tfMzgzUMZgK16g-Hc-wE3tVzC0wkaTS1.jpeg,メディアセンターの3階の奥で、全集が置いてある。
1Hy_TgeBDGnMmsFORhiML_0eCjZxBrNbc.jpeg,メディアセンターやオメガ館の近く。木々が少し見える。
18KLVzVtTckx8nfMGQSkdV-4Q_bjZ39-G.jpeg,夜のSFCの正面の外観。オメガ館が見える。
1YUJp7hbfb0r_xmctbeTETdh_N_ijuJKL.jpeg,鴨池を望む芝生の上で、人が座っているところ。
1YUJp7hbfb0r_xmctbeTETdh_N_ijuJKL.jpeg,SFCの一般的な教室で、ここはκ18教室。
17oRNMJPNL1yakTBbCNSqjh1GDP0MzMcM.jpeg,夏休みに学生たちがいない静かなSFCの本館前
1Qt3EW2uGQ4SeSqpuSJ-Vtti1NmaHk2Mt.jpeg,秋空の下、中庭にある慶應義塾創設者の福沢諭吉像
1emTIH37yrlgpgiYvrQn9t5jjWMhv-iNa.jpeg,学生たちがいない冬休みの静かなSFC構内
1RKS3zvi-FUAiKyNgItLFIiuZ3Lm4q1cT.jpeg,授業が終わった後、夕焼け空下のSFC（パノラマ）
1QyYuxDrPzujlxyjwJKORP1H39piu0Sdj.jpeg,コロナ以前の活気があふれるSFCの秋祭中
1bltWE8xoIYJJu3bJPRpAqGYyC9G5Mw9k.jpeg,授業が終わった後、夕焼け空下のSFCの駐輪場
1htRJWMRjNvNF2YEST_Wo5D3nVVAlg_gZ.jpeg,デルタビルにある人間工学に基づいた安らかな椅子
1jySHEzsz_agBtCLJdHbFpxRkB-AAy4i9.jpeg,蒸し暑い夏、青々とした木々に囲まれたデルタビル前にある道路
1P4u7kz9OW_rdyxsiowO4T6m2FiifEh7K.jpeg,まだ学生がいない授業前の静かなタウビル内の教室
15PTYWagCapjoVZnaKAAb9Z1tET2D5S2E.jpeg,食堂の窓から見える夏の晴れた青空下のSFC
18zToXCR6YdURrkGd_DGdHdZqRiu6pMVB.jpeg,夕暮れごろの逆光のキャンパスの大階段から反対側
12fIjOax0WC6x8G18Ja6cy-uNNcCsK8ZR.jpeg,逆光に写った鴨池前のサブウェイと奥のカッパ館
1qxO1GRMBqOtFEGGlrR08VR7PLkSEaNd-.jpeg,イオタ館の教室の窓から撮影された秋のキャンパス
1frkj_t3wEY6y4L4LHgKq1yqRmfK0eIpv.jpeg,すっかり葉の落ちたキャンパスの木々と諭吉ぞうの写真
1XYS7KU65zBVh64FKJ9A8ZXnBXRqKznV6.jpeg,サブウェイのある建物の2階の開放感のある飲食スペース
191vkOICE4OCWFO1YyrOHVvNw4afxAkBP.jpeg,アルファ館方向からみたシータ館のガラス壁
1_eGPQ8vNqyjSZ5lWNxnqZATjuY8-JoGu.jpeg,サブウェイのある建物の2階から撮影された鴨池
14cwVyJ7A3NbEzkJRGv8UWrDDBv9sMR8D.jpeg,メディアセンター奥の芝生空間の広々とした写真
1iu8k0JSp-XUoygrjZJd8pTnQ1MKm2o8A.jpeg,シータ館内ガラスの壁から撮影されたキャンパスの風景
1F4uHsszmlOwxOFH60xcN2PnNuRWMUQVI.jpeg,秋の綺麗な様子が撮り納められたキャンパスの風景
1AYTj62ydcj1GVKJRYdKPe27AzN2OXQSu.jpeg,太陽の光が降り注ぐ慶應大学本館前への坂道
1YwKIr-s8MNxBf2gFUOJJxDFWfPBJGaPE.jpeg,芝生に木の影と太陽に照らされた柔らかな樹冠
1Over3eztAkmGkQ6TKys6NBtPIbCCFlL5.jpeg,本館前、秋らしい雰囲気のある五色の木立ち
1Jk1N5zmbALCnGhiQfkmDXst-B9SC-RX6.jpeg,冬の大木が厳かで優しい雰囲気を感じさせる
1_pbWrZMNTPBO4QaPJBPlg0MwAOlKYu5m.jpeg,メディアセンターの横は木の影で覆われている
12CNXrQyZd35YwzqiscI0lvchZvlB99rX.jpeg,半分日陰になっている鴨池では、鴨が泳いでいる。
1Dk-dy3WUWQLmYhA2RZofm1-e6b9TIrP3.jpeg,土曜日も営業しているが客がいないサブウェイ
1zfpuqMgymbcvP5nGTYHZ21M8TLHvB7uQ.jpeg,カモたちがゆったりと池のほとりで集まってきる
1xUf6MKuT7D27Af19G4iys51Q-LOdP7XJ.jpeg,坂道には、ひときわ赤い葉をつけた木数本がある
1wQ_YKe1fu8Lgyx_X7nijkcCztdmv_aPh.jpeg,真ん中に小さな白い実が三つある面白い三枚葉
1wQ_YKe1fu8Lgyx_X7nijkcCztdmv_aPh.jpeg,環境情報学の授業を履修する学生たちがα館の前に集まっている
1xZF6kE9_yHHnZO8I27dV62pkH94dCNfM.jpeg,駐輪場から本館までの道沿いの草が生え散らかしている
1dM5fKOKrjZux5fsMTtTHaJqaxFFUuKBK.jpeg,クラブハウス棟2階にあるVRサークルの部室
13GXgYOg3QoT3jxTH9hBwq-CnP1rjUdbY.jpeg,両サイドが木に囲まれたクラブハウス棟に通じる道
18e0etuoMXAAsm0yNqcMW9JAFKG-6yzUF.jpeg,建物と紅葉した木々の前に広がる広大な鴨池
190hsL8fqtJL6ufnf9RJUUlrd0LdjQLiz.jpeg,赤く紅葉した木々が立ち並ぶバス停沿いの道
1Gy54Tr55sG01bCWYjuQ6-iPQe-ZySPWI.jpeg,雨の日のα館前には傘をさした学生がまばらに歩いている
1yYSMWy8iBy2q-XOqnFMvPtvQK8Njw73X.jpeg,電気がついていない無人のΘ館を最後部から眺める
186DcbHhIvM-CJP-NTNT3NxlvdKHGDZPM.jpeg,バス停に並ぶ人々の長い行列を遠くから眺める
1iOCxY6cMkQMs1l3IozE9eWp4iHvvWB6t.jpeg,雨の日に濁った水が満杯まで溜まっているテアトロン
1P9wC97W5HQLWEI6I3m10f04sdq6gNroG.jpeg,様々な研究会の研究室があるデルタ館のサウス側の階段。
1AP__JKraHkIjfcLsFbmYw8kdmelqGFcn.jpeg,中高等学校側からみたオメガ館とメディアセンターと鴨池。
1q_txtdl9kiNxXSeQVBb0MpptDpNmsG8b.jpeg,デルタ館のサウスのトイレ前で撮影した入り口からみた廊下。
19tF534N5-Gd5pOtk_EsL6exzDb-nwGa5.jpeg,デルタ館のトイレにある使いづらい手洗い場。
12P5SVKkshRyWEOKPzXccigXxT68XmoLi.jpeg,SFCの正面入り口から撮影した階段とオメガとアルファ館。
1R4O1mtTdwiF56ysxl8reTXw9JiZEpTzb.jpeg,SFCのメディアセンター裏にある諭吉像。
1fJ3-IH-gbLVBMfIMkYo_YdHlXSLHEsrs.jpeg,シータ館にあるメディアセンター側の廊下。
1DYPhy3OgLUciYrC9vJSzU7MgEwTzlaRJ.jpeg,晴れの日に撮影した食堂の前からみた鴨池と策。
1JyRZpdWJ5RfL3pYKP1N8UhsmJLb_p5PI.jpeg,紅葉している北門警備室とキャンパスまでの間の道。
1_MgiYNFDvKMyhJQOE6O3srXI4Wx6Vn9o.jpeg,イプシロンの授業棟と研究棟の間の道と地震の時に落ちる橋。
1NeBbCmi1hUNn8Lx-CBXCPjSMZLd_CRLd.jpeg,通称鴨池。多くのsfc生がここに集まり談笑をする。
1wnKx7solcy1plR5wYofbmCvMyrLNk-Xz.jpeg,村井研などの研究会の研究室があるデルタ館。
1ZUyUoIHcD0JGQ0ec1vETVxV1l_NkHVmU.jpeg,図書館から3Dプリンターまでがあるメディアセンター。
1zZZWLjbo1UtsB7wI4oEkfQnkNfTjCgux.jpeg,大学院棟の一つタウ館、初見では絶対に読めない。
1Mr3jFg4dc-znO-Teg6elf5YKcTxHos6M.jpeg,正門。現在は体温の検査を受けなければ入ることができない。
1S74AXzFlAf_8RgLuycLpfMcs2pBosL_Y.jpeg,夜の諭吉像、実はポケモンGOのジムになっている。
1S74AXzFlAf_8RgLuycLpfMcs2pBosL_Y.jpeg,かつて（2年前）のsfcのバス列。帰りでもかなり長い。
1csiRSUdh_SmJ8b0oS23cbSdN4ZYeF9GD.jpeg,キャンパスを入ってすぐのところにあるオブジェクト。
1jPx4CNhvpWhHtUOiUGphqNsU5qRQD_Qh.jpeg,sfcの体育館、横には大きなグラウンドもある。
1FMNVFdXBU5OWb3oldYT8GfqVqnnmb-of.jpeg,subwayの上にあるお食事どころ。鴨池が眺められる。
1crBldhu0C75skhp2TICqUKh6jWSET8As.jpeg,これはおそらくメディアです。なんか３Dプリンターがあります。
1NIgDwPg8-b-3rv-ukR308jfrW7j6-_Hs.jpeg,食堂だとおもいます。行ったことはありません。
1ORZcC9ZIJyFqgKfq27e7TkboE0_EwY3O.jpeg,鴨池です。ちょっと行ったことはあります。
11NF7N9UQfBLRyqLG0DzG3IA1Vg5Nw-za.jpeg,バス列ですがあまり長いバス列は経験したことがありません。
1l3UM6tJqY9LDNo_8v4kgfpY0xZ2alYo1.jpeg,サブウェイです。多分使ったことはないので使ってみたいです。
1VbKDIXyvvm0aNPnHGUWRcnN378-5rYJd.jpeg,生協です。日吉の生協しか使ったことはないです。
1W6wqyzWtHn71Dg7xyfOhi7lBu7bOfjW3.jpeg,鴨池見れるやつです。いいですね。使ってみたいです。
103wvc-LL6vKfe4UcDEistanplmaHALeM.jpeg,スルガ銀行です。今のところ利用したことはありません。
16zvpG9uDcO3RvjFAzQ8bQCRqUL1m8num.jpeg,諭吉です。日吉の諭吉像はあまり大切に扱われていません。
15m6nSPhkbYP-AlJ8gzr6TqLQXW8QFUUI.jpeg,シータ館です。本来ならここで授業を受けていたのですね。
1zkpJ24LMZbrP1MAS8fgFpkFTQfVTZnaC.png,鴨池がある方からサブウェイが入っている建物
1I3fjoaMXDQT2s7xr1ljrk6X6etDa297K.png,鴨池の方に向けて4つの椅子が配置されている
1mSlTTi22J3C5mhfhyzBjMFPiovfzkVU9.png,水面が輝いている鴨池を手すり越しから眺める
1DQ1FDXkjOfJ-xajueValTYsOHbuvjcpn.png,ローソンの自動ドアの入り口、無人レジが並んでいる
1Tc1x-o_BXaYhk_DGyqqXnDSbzb3B-3KA.png,晴れた日の階段を含めたキャンパス正面入り口
17zBPK0wZvEdSV_BgpETIDzRco5mhLIY1.png,雨の日、バスを待っている長蛇の列が見える鴨池
1om2NTMaAn9XGm_dMWtQD4vT-hDGJI9V0.png,デルタ館の近くにあるコンクリート製の謎のオブジェクト
1ecgXgnghj9jpyS-EVmOtDVp10tehArSr.png,ニュー館の近くにある金属製の謎のオブジェクト
1Yhen9_IjUQSLrifxXsWuvgiCDITB0_bz.png,北門から本館前に向かう道中にある金属製の謎のオブジェクト
12zzZC9rBmHIAzc9Q9FQ5F-fJjYFk9xIh.png,慶応大学本館前、階段の最上段にある慶応のフラッグ
1M0kbwYhMCpH0hp-hQUueD-rydEQVICXD.jpeg,δ (デルタ館)前のベンチより車道を撮影
1cFOM1VQIYdRV3DSsKvvCFfjfm-0ZGTuP.jpeg,ツインライナー(バス)を斜め左後ろから撮影
1Vo5HfwfqZGhtc8rylegJwqwZ0q3CekNW.jpeg,バスから降りたのち、キャンパス入り口を正面より撮影
1swbpu_F8e7hCo4kNzf0DOs-4o3Tpzbm1.jpeg,ツインライナー(バス)車内を座った状態より撮影
1-KoqbUlcWCvaf98ybQynlJQ3XpKDedBs.jpeg,τ(タウ館)3階よりキャンパス外の空と木々を撮影
1-dx9GL8rrJ2d_TSiReCwgBhDQGg2mrXh.jpeg,キャンパス前のバス停を降りた先にあるベンチ
1oxDITiSrZQ-SBzi1Kgq2-2uuVlOQm0Z9.jpeg,諭吉像前の以前SBCの建物があったスペースを撮影
1ZtgOAaxIXY6BsFZnOEkQc7aWGJzB6KUD.jpeg,イプシロン館とイオタ館の間よりメディアセンターを撮影
1k1wYq0nb7fiFtoOzCUhOuunAb2jzqtU2.jpeg,下のロータリーにて休憩中のバスを遠くより撮影
19av9mZL_jcDfq3BMbBFFyxrTm6oyvSUe.jpeg,ツインライナー(バス)車内より下ロータリーバス停を撮影
1-zFDbpAuRO8QUxTBDUotsrGfODZ0ZHoJ.jpeg,みんなが集う場。よく賑わっているところですね。
1AqRCZ1qY0XHf2SycrHdQERiuF9SGeDXv.jpeg,サブウェイ。いつもお世話になってます。ピザ美味しい。
1dLz02WEKbBpldGMCTV9xZmod3LmT9A1C.jpeg,ガリバー池。SFCの象徴ですね。鴨もたまにいる。
1ot83BZ9E5EuwUxqOCcOSdoyOcrv0_1E9.jpeg,秋を感じさせるSFCの樹木たち。寒くなってきた。
14FcKi6BJIu2eo3URHVoP_gCk0fVebwSL.jpeg,福沢先生へと続く道。よく整備されてますね。
1LBgMZyp5vawGbEQ5cP728Ny_4LVeKVa-.jpeg,SFCの校舎。こうみるとなんだかロボットみたい。
1HZ7BJ-WXGDl2FeLfvJpKbv98KPkHNJN7.jpeg,メディアセンター。SFCの中心的存在ですね。
1_2iRP1ukynyGCNg99ge4JpI2NkTLW4u_.jpeg,メディアセンター前の椅子たち。たまに人座ってる。
1-ud-Pc00jHUmmkfikWYo5YAp95NPmaC6.jpeg,オメガ館。慣れてきた螺旋階段。広々とした教室。
1wck74p5F95CXKsLBzhKKyzaiSUHPWEJs.jpeg,鮮やかに紅葉した木々が連なる外周。よく走ったなぁ。
1PQGJVJhttTROrsIrX9rUiT6z_niQHm4k.jpeg,SFC構内にあるサブウェイ横にある螺旋階段の写真である。
1GS3EtJ_cpIBQR0hG4HBcclmi4ZMNcBNn.jpeg,SFC構内のどこかにある階段の写真である。
1CSsi5HGueAkHclF8fA9JO_PvJIuEsc59.jpeg,SFC周りのバスが通る道路の写真である。
1tAcwB1H_Gr5RWDe-J9CbbixRl4E0Pzav.jpeg,敷地内にある鴨池の画像である。鴨がかわいい。
1UxnUK1JpImvP3Z82pPmlxms3-i5npmIS.jpeg,敷地内にある鴨池の画像である。水が汚いのがわかる。
122UM1tHOJsNpzBwUb4qIpusbWmk5IQkq.jpeg,SFC周りの道路から見たキャンパス。学生が芝生上にいる。
1tq4Az6zgVUxudPJVYjleNHGDP7qhySrM.jpeg,鴨池を道路側から獲った写真である。多くの学生が芝生上にいる。
19IIP9D1YygxnWmkXAThx45A4WYQdmDpC.jpeg,SFC前のバス停の写真。おばちゃんが掃除している。
1ctf4xEMcnQxAtwSVnNrYcSe1EMYNV-uT.jpeg,SFCバス停前にある階段の写真。意外と段差が大きく見える。
1cLW96QdlzSVXG05HJ9FcP6zhSBfUMVsx.jpeg,SFC入口付近に設置されている看板の写真である。
1axIiqyQSquvb1IPITeydWzhorHHxpZKO.jpeg,メディアセンター裏にある創立者の福沢諭吉の像
1t2paI7j_sgTM91xmPYce7GyI-IsQA0dh.jpeg,キャンパスの入り口の門の画像で，現在は検温がされている
1Lc5zIzX7A0zOHRRu6zMp7jl_pTW0o-JL.jpeg,キャンパスに入ってすぐにあるメディアセンター
1rs0JVifZvAW_hYb9-4f3CfUH4U_MvlIa.jpeg,キャンパス入って右手にいくとあるシータ館
16cqpIp29gHG9r9QMuNrQvCw045a8OOwL.jpeg,シータ館の奥にいくと見えてくる，イオタ館
1MC0R9NHvyqmTeILBF2fGJziyL7QiXDQw.jpeg,イオタ館の奥，体育館の前にたっている消防せん
1wXnUmv_vC8st8AbTBzVjL7SbiPQw5NVD.jpeg,歩きながら少し手前側から撮った木々とオメガ館
1Xjy3jYFC6W6qcA5tF07whxI45gCv4qy4.jpeg,オメガ館側から歩いて，少し右手前側から撮ったシータ館
1PdEXp5TsHjGHwa4_29kQnBTmH4PLcivs.jpeg,食品の搬入が行われていると思われる生協裏
1sGV3bizhomOFMp4AJ6r-zgTohYvQqkBK.jpeg,通りがかりに撮った現在は食品等は売られていない生協
1wqbEYfC1O-myngvBmngA-1d15XIX4FYf.jpeg,θ館で環境情報学の授業を受けている時の写真。
1H3eEjCcnJzD61qfjVU_jYd17ZhBOzfGA.jpeg,メディアセンターで自習をしている時の写真。
1XOGi_r35m6d0DGR-HPEB_lauHT5286fV.jpeg,桜が舞っていて綺麗な春のSFCに向かう通路。
1ql8tBG-vCDpQGHXsL0ACs-KVfkxoG_wf.jpeg,入学したばかりの時に撮ったΩ館と、枯れてる木。
10N4AgJ2V4upXMtq3rrirQKX6uRPaOMbP.jpeg,濁っている鴨池とその縁に整列しているカモ。
1GZ1-AEaav3wEXncC_BKllWYSHUujfmv2.jpeg,入学したばかりの時に福沢諭吉像に感動して撮った写真。
1GadxMwxSClb2rBpBPSttq_h0bRMEpOP-.jpeg,SFCのLAWSONにあった福島県名物の喜多方ラーメン。
12Z2B3E6CFIuZhBm5XJnNhzZB4NmacSKi.jpeg,本の多さに驚いたメディアセンターの3階。
1es9rFFC-Uv4oHy954WLG-old0GHErUHW.jpeg,入学したばかりの時に行ったサブウェイと鴨池。
1T-4A2hFt2vVAmEkBvOKKNRmkMqaaEELr.jpeg,とても天気の良い日に撮ったΩ館とメディアセンターの間。
1g9S-TE4PcuH-Zhha093q2kT3U_nKKSv5.jpeg,慶應大学本館前にあるミネルバの翼というオブジェクト
1hsyhlozCZbM1JhQgHfI8BqEVx7Gn4TTR.jpeg,慶應大学本館前の神奈中のバス停の降車場。多くの学生が降りる。
1Akl8t02uS9flZ-K9mGtGr43KLuDdmTkg.jpeg,SFCの本館。現在はサーモグラフィーが設置されている。
1ox3u95R9pE5lMFk12OLIdFtw2gaZdAiR.jpeg,湘南藤沢メディアセンター。本やCGプリンターが置かれれいる。
13NpqcDEsN98c4WJXJU-DQGWJPgh7wGCZ.jpeg,福澤諭吉像。SFCの学生を見守っている。
1DDf4mHD-FdjkFbEEGVjUW7eqaY-CnNRr.jpeg,イオタ館。4館並んでいる教室棟のうちの一つ。
1GRH4LMGyeoYB3fey4_gtlhrHM9dW7que.jpeg,オミクロン館。4館並んでいる教室棟のうちの一つ。
1VbyOFkyEI4XvC-7yO82MJNNWmcVt58j0.jpeg,SFCの学生生協。多くの学生が昼食や小食を買っている。
1a2mRrofXYMVcrrreTpb-5xG9U7u0oAfr.jpeg,SFCの学食。お昼時には多くの学生で賑わっている。
14W7qbX4r8FlAMUi7JCVgLfEvdQI4y0z2.jpeg,学食横のLAWSON。生協に劣らない品揃えがある。
1sUqjL0v_5kX2hX2IlN5FErFHoFqe5uVI.jpeg,空港のラウンジのような一人で落ち着きたい時に最適な場所。
1k3D2r6_3RhjogHWjo5LxWpyRWkkd02SJ.jpeg,雲ひとつない快晴と鴨池と紅葉に癒される場所。
1RlqQclZl-Ci_IYNYgY6J5Zs8ZjLGEVbT.jpeg,学食。昼休みには食事を楽しむ学生で、活気ある雰囲気。
1Sg65U4tGRCCTjkcktpKmygmccWUME7Ko.jpeg,サブウェイ前の鴨池スペース。天気の良い日は友達とピクニック！
1nqGW9xklHVHaWZzt-PLE2wfpkrmLAy2V.jpeg,生協前スペース。昼休みは中高大生が来て、食事を楽しんでいる。
10gUiiu1DRck_WXcSgHTxop1iEW2FgOhO.jpeg,メディアセンターのファブスペース。3Dプリンターがある。
1eGwza-2bzd9QKciTXE9DPSuKiHK5jkNc.jpeg,福澤諭吉先生の銅像。卒業式の日は学生が写真を撮る恒例がある。
1N7uycVSeWay4bXigcGO83BeuDMRh4kmG.jpeg,豊富な学食メニュー。麺物と丼物があり、学生には嬉しい金額だ。
17n6wmueFnXX1afUARdO1yAtpLGE9VJAL.jpeg,バスを待つ学生の長蛇の列。登校下校時はこれが日常茶飯事だ。
1JBmlxDh6nPF6RSu5NFc9YdOIP2JuxV1k.jpeg,学食に併設されたローソン。WiFiもあり、授業も受講できる。
1MiLS2WX_yHVzsmYGfuMPTNbN_AOlMTxF.jpeg,外から見たメディアの写真です。綺麗ですね。
1JOzSVdwRcR6nHI38rQwEf6zcQb8rLiMe.jpeg,鴨池の写真。カモは見当たらなかったです。
1ZPFcsHiu7jhZaFMwwJAV9xtSkxDwq1Mc.jpeg,外から見たオメガ館の写真です。大きいですね。
1GzlLgatZgeIHYQTZZepA0UQcaIM76_4e.jpeg,中庭みたいなところに立っている福沢諭吉です
1B98qaxui6NdQzkaYS49F-obtT_zUfMH2.jpeg,適当な建物に入ったところの画像です。どこなんでしょう。
1QE_jxltElt2Iq1idxm3NyXpwpANj6rgK.jpeg,SFCはゴミ箱が多く設置されていていいですね。
1YbSyHNukARU_QxuqFLY-hpERccmUoOxQ.jpeg,このベンチとても座りにくいけど、たまに使ってる。
1TEDNw-v37qvccVMGYRuqoKhKSO_SMDZn.jpeg,SFCのトイレ結構綺麗ですよね。好きです。
1gRfzmEbgnewsoham-VR92OuMiXSr1jEZ.jpeg,オメガ館の中の写真です。このスロープ、使いにくい。
1ULKrS2XTvqQIGAcGqYFDFvbLC3pZ2Vv-.jpeg,大きな階段ですね。ここの前の道を深夜に車で爆走したい。
12nh7uCz-iiRbZMW3XZgjW-3jGqawzjbG.jpeg,ここはメディアセンターでITC機器や書籍などが置いてあります
1QNI_DNklG2yZmxUqDsFuKzkFZWFkhQnh.jpeg,ここは体育館横のSFCのグランドで体育でよく使われます。
1GlJ9tonUQzqvkZBTKehISGx8YpAH72Jy.jpeg,ここは鴨池ラウンジでゆったりとした席が置いてあります。
1h5GehlSwzOoKzN3oDT4tvmVznGf5rz-I.jpeg,ここはイオタ館で授業や研究会で使われます。
14VTEGNB-aHfqW5ISQ-8V6cwUw1-vAHZY.jpeg,SFCには福沢諭吉の像が置いてあります。
1h8nrO0PcvE6OXSNL8NyDfql4K8QvZ_Qf.jpeg,この建物にはSUBWAYが入っています。
1edFEbr0HoEnj3YzJ3NO66ffhe-1EIwVw.jpeg,SFCの学食です。鴨池ラウンジの横にあります。
1uRvlGmLH0mHhsmQTNkBXxPXVE8hJrwp_.jpeg,ここは鴨池です。よく生徒がこの池の周りで授業を受けます。
1M4-OWQSK3pSgGg2WEiayy0grbXj77fyT.jpeg,SBCに向かうSFC特有の横断歩道です。
1RWXZ5UUz6vBX1hwykmF-IxVNXS6_Wt8A.jpeg,ここは学事で、何かあれば生徒はここにきます。
1SSKPxp4eJTGGRLlWNZ7-XryqEBoewts1.jpeg,λ館の入口である。不穏な張り紙があるが気にしないことにする
154QzjZhBTwgYrE4z2kFwrjBCvyfcjTGD.jpeg,o11教室の室内である。机が雑然と並んでいて人気はない。
1VVqt1Z_FxlVitpLf3N3INqQxy3FPBLh0.jpeg,オミクロンの前の通り。人気がなくてさびしい。
1QozQD0ZT0mWj1ESOMo34DxkL1ISkXAoo.jpeg,λ館一階のロビーの壁。不審な張り紙が気になる
1dn2IZa4Es8wx4WbUtW3vpZbjG7naSPOb.jpeg,ι館の入口の段差。大学にあるまじき味気無さ。
19-nULuyoLdCoNE8Xr1Ew0C4vFGtCCKGp.jpeg,カフェテリア横の野原。恐ろしく味気がない。
1o23JBS82IjO2B5S2mcpcsj99VmuRG2wY.jpeg,λ館の男子便所。ここだけやたらきれいである。
1c43WyVQs-9WtHJJEuIYwCh3dX1O8F83U.jpeg,λ館の男子洗面所。ここだけ明るいので虫がきそう。
1UtqP_sf3TC7304B04trcJCvKfVZJS4RJ.jpeg,κ館のトイレの壁には懐かしいキャラクタのシールがある。
18ORneCqKW_R24CibVGZxpd7Fx2iFLc6r.jpeg,ひどく殺風景で、なぜシンボル化されてるのか理解に苦しむ鴨池
1JUIrs8N3Vs8zDZ-Cs0E8nfD5mk9ys1xt.jpeg,研究室などがあるデルタ館。全面ガラス張りの意識高い系建物。
1eyag41yAj14NNutF5571PMH16SbYz3ZD.jpeg,デルタ館の脇にある閉鎖された門。位置的には、西門と言える。
1R0NZzIXWK1EvmQjEbDz6VC7k1LfbdlyO.jpeg,生協や食堂などが入っているシグマ館の裏側。
1_WdCuv5pLqpTErRTTLIUPAdSzZtL49E6.jpeg,カッパ館の脇から図書館のあるミュー館を眺めた画像。
1M38tZssH3xzp7Ls_fuk4JFyoCSVFccng.jpeg,サブウェイでおしゃれなサンドウィッチをカモる。
1jlDfguNoWE5InWaOSKR3_PNkdpBrGUzr.jpeg,事務室などがあるアルファ館。脇に入場ゲートがある。
1j7gRFzDQALJj_qknQ6HbK8_xpJEX1aaR.jpeg,福澤諭吉像。正面から入って図書館の先にある。
18usMiNw2BcE-TBEJmjFuAaTnXEfoc7Cf.jpeg,大講義室などがあるオメガ館。吹き抜けがあり開放感ある作り。
1I3YJWwpPKkAOo8diQF1MnExTR3NSVemY.jpeg,ここも大講義室があるシータ館。階段教室になっている。
1uHqYyf_tAwKDx7Zog5oYvxBQBknLHWt4.jpeg,タウ館。政策メディア研究科の建物。SFCの奥にある。
1kvlkZO1N4wOx71WsdEmCmTsqpK1gHNKg.jpeg,食堂から見た鴨池です。奥にはバスを待つ大勢の学生が見えます。
1fni5nRIMzCKB9gvCJ2VTpEOhLcb2S_e9.jpeg,手前の2棟はκ館です。教室を移動する学生が見えます。
1ylzeb2tbi0PxjkFwSlL3bi1PVbah8P1h.jpeg,生協食堂です。3限終了後だった為人はほとんどいません。
1dtHfrFHBvjGFoTpYxsG6VdV6FhwqOwZQ.jpeg,生協のそばから見た鴨池です。大きな木が立っています。
1FdtJIudxo6lyf3BzZ6ntdMZKOicRQohL.jpeg,慶応大学停留所近くにある、sfc入口の看板です。
1wKyadTBQGnAFyF96QBLoEoNTItmNMnp5.jpeg,バス通りから見たsfcです。A館とΩ館が見えます。
1VSeZmOgtFim9t4RTTfIIdI2Ug5gmo9Hu.jpeg,真ん中に見えるのは、我らが福沢諭吉先生の銅像です。
1imuOdW7A6XfLCt_yT_1GDAKFcpOdplx_.jpeg,メディアセンター前での一枚です。右手にある施設はITCです。
1nekR08R5imuL3zWlQf6MHl18PUs08oi8.jpeg,ITCそばから見えるA館です。この日は雨が降っていました。
13tycVRRFSjqUoDzgM96xgyV6mxvDiq7s.jpeg,慶応大学停留所から本館への道です。イチョウが落ちています。
1WH8IikL2HWWgx4QQP0joQ9d_Se7WZHeJ.jpeg,昼ごろのメディアセンターの外で撮った晴れた写真
1ou04ja-1s04tkZlaFfie2A042O-u2kcU.jpeg,体育館にあるジムの広いオープンスペースの場所
14yRjhkx4vhZKhw4y62SSS-gSQT7Gziw8.jpeg,体育館にあるジムのマシンが写って見える写真
1PETURL5Pc1_JAgR2zAP5s8HbIx-p3S1o.jpeg,夜に撮ったSFCのバス停とバスが見える写真
18wUSEYT2eaTGgX9hluykxgXInza65hFt.jpeg,夜に撮ったSFCのA（アルファ）館の写真
1fZHzgVdDMF4iU4a2ghmlxQHyLMgtRY5t.jpeg,夜に撮ったSFCの門・入り口の写真と看板
12CjGTO91frT8AklpFGaHeWQl3qN2mr3P.jpeg,昼頃に撮った晴れたSFCの坂道の様子の写真
1PsmWzvfd098GoVF13dtH1JZ72vWGURJW.jpeg,夜に撮った暗いSFCの目の前の入り口の写真
1QqZVJXx8g5zbVg2rRIIAqEdjVkjp3gkI.jpeg,夜に撮ったSFCから出たバス停の近くの歩道
1WjdTofWPRK9pMbW6Mw0DdH2hj5m1etqO.jpeg,夜に撮ったバス停の近くにある二つ木の写真
1-2nrUzWLXETnnNMdoLIXN8-qPzfOHmNv.jpeg,キャンパス内にある施設である。４０人ほどが入れる教室。
1Yg18ExsKDIt60vPC4i4FRr1a0esjugWz.jpeg,キャンパスの体育館内にあるジム。体を鍛える施設である。
1gFhmeIZF9gBLlye68xpQxHnO5bmYQehc.jpeg,キャンパス内にある飲食店サブウェイである。
1yo9rw1mKzqDI5r6jMO44TOUiGx_al4nf.jpeg,キャンパス内にある大講義室棟で大人数を収容できる。
1w4Vic_1eszauqpDtn2C8zplgcW6GGWhQ.jpeg,生協である。文房具や本などが売っている場所
10o5MMeVjb7iOntHWSKuI2lYO9BGptvvA.jpeg,sfc名物鴨池である。池には鴨がたまに泳いでいる。
1G1zxt45f5G7KfAIOXKc1hhmCjl0Oeed7.jpeg,メディアセンターである。中には最新機器が設置されている。
1vk7_45_j_OCrfPBP5oSxVkJRvLD47A9m.jpeg,sfcのグランドである。ここで体育などが行われる。
1iykDBQNRryEn5ZS4f2Y8MC75Mx74v7IH.jpeg,グランドの隣にある施設で物置やトイレが設置されている。
1Ev2SNmz105vV1-4rOXGJlFkxFtUqS0bZ.jpeg,研究、教室棟でキャンパスの入り口から一番奥にある施設。
1tLBL-DN2crLR-K-SOxLgh9-29Xg84IIe.png,Ω(オメガ)棟の外観です。大人数講義が主に開かれます。
1dv123kVlmFkTf6qlJdPmdYMraFUQ6foP.png,サブウェイの外観です。昼には多くの学生で賑わいます。
1agSr0XdCRIhIXUqXWmVxCXuNj_HCNHnY.png,謎の柱状の建造物です。鴨池の近くにあります。
1c1UH4oG9AGzFV4X2ZyxTTMqF19FlPbY0.png,諭吉先生像です。春には多くの新入生が写真を撮っています。
1QUCtNquUumviACkpO2kRBD0iY0DF7Yba.png,オミクロン棟の外観です。手前は講義棟、奥は研究棟です。
16IXKsFV3Ry1R6VibQ2j5Bp5U9Ql4mSp2.png,ラムダ棟です。言語系の授業や少人数の授業が開かれます。
1ya7J3Asr1qNuI8-ogkR1o6KQwfi3r8mV.png,部室棟です。様々なサークルがここを拠点に活動しています。
1sBP6MpoKYdgPWj-Ch-6GCEjnv-Ng8A72.png,グラウンドです。サークルや体育の授業などがここで行われます。
1UJ28WEskEPTt1Z0h0m9S3IFMi9NEg6n1.png,タウ館です。主に大学院の研究での使用がされています。
1qvhj9WX6ygVbqTGFBKqTS3lXRIY4rpj6.png,デルタ棟です。理工系の研究室が集まっています。
18JIKv7wp_H5ZkNLvYDqOeBelK7CNouNL.png,SBCプロジェクトのベータビレッジにて、ドームと滞在棟１
1c0MOfgpPualHlvFYVOjBCjCU_SElaWKM.png,慶応大学本館前のバス停からのα館の向きの歩道
1S-DibGY7FOoThw2BLIqyu51YPz8H5aLW.png,コロナ対策万全で全席使えないメディアの２階のデスク
1nQMs8vNr4uIKRdGxf742WTiwTsRgHp98.png,梅雨の雨が降る日のο館からのθとι館の風景
1NULzii6A7iEHuDp5EvdUC_zGRDHyTWLx.png,οの窓に組まれたハイデスクにもなる木の棚
1tFRpvNvoertw0JLrN3Q8D7BbXvXNFEa5.png,ιとοの間のスペースの芝生にうめられた等間隔に並ぶタイル
1zJvEA5J19x07BQUAzqEkn5S93PrR-bhg.png,SFCの最近アップデートされたキャンパスマップ
19VykzzklH9DRxT0nXyW2uVHBCBGWUugY.png,食堂やローソンに向かう道、κ館の建物の間に通る道
1WEPVtmG-VOG_HyWQhCUvug3vhS8l777W.png,大学院棟に向かう道でλ館前の茶色くなった植栽
1WEPVtmG-VOG_HyWQhCUvug3vhS8l777W.png,Ω館で授業を受けている。グループで発表している風景
1Qw42RJoBgE6j6pEhnas5EV_LmsaLo0QD.jpeg,鴨池のほとりで日差しを浴びてくつろぐ鴨たち。
1WXbAxnZs5ZNpHrn62dzGG3RS4Nr2Eu20.jpeg,北門警備室付近に佇む猫。あまり元気がない様子。
1JKnuse_9NInhGJ8zD8R8C2HNYRgLpVpE.jpeg,ゲストハウス横の庭にあるユニークな形の照明。
1x1ONiNCtbcJCaRM4E20Q09qaG7RYv_Nl.jpeg,鴨池のほとりで日差しを浴びてくつろぐ鴨たち。
1WzsJICkNRtRMEWbpwp7pHZudhuWAllp6.jpeg,おなじみの光景となっている、ガリバー池に浮かぶ鴨。
1CE7qrncr8csK5JD7gB63VyKzEVSaq5JW.jpeg,秋の景色をガラス張りの壁に映し出すデルタ館。
1XdgNxXAAFWPV-fRm3sTuL6p6uaOiVZrx.jpeg,秋色の濃くなったメビウスロードを進むツインライナー。
15878Bdl_Fydh0OR3BNjE9_TNlg4Ndef7.jpeg,日没直前、夕日に輝くキャンパスと、その姿を映す鴨池。
1hAb6ivsgw58ez0UdxOSZnE4e0S31D-6o.jpeg,キャンパスの裏手にひっそりと佇む小さな神社。
1smXpW3tK2fVwuKcdt-xLxfhSbIb5HRpa.jpeg,夕闇迫る正面入口付近。連なる照明が家路を急ぐ学生達を見守る。
1Z5hZ7iWMcm9VjBj0DVU9gfSs97PVBlH1.jpeg,学生ラウンジの裏の方向から見た冬の鴨池と学生ラウンジ
1oKCEULE3g4UMgID1des_W_DlHFwHpW9v.jpeg,バス停側から見たSFC正面と学生ラウンジ
10LhgTK82L5YITfNl0YHg31YBQCSgtt-c.jpeg,ニュー棟の方の?αビレッジにあるopentronsという機械
1SrlWDWTcPoLwaP2WOKKmAbGENmzWEqv4.jpeg,夕暮れのSFC正面口と学生の入場確認ゲート
1SNnZ9dtAwRjoIVLMwWj8K3WrVIyTTshu.jpeg,昼間のSFC正面口とアルファ館、正面階段
1bBPWmVihUT9DyhPd7OyrEZiYHbX_mjem.jpeg,ゲストハウスに続く道から見たSFC正面方面
1NtHvRmnwfJ9RS2gk3A7OTl6jcA-91dRD.jpeg,冬の枯れ木と鴨池、シグマ館の前あたりから
14W54BfxkaQx0QbhcXMACbE2lKXqU7tqb.jpeg,夏のゲストハウスに続く道から撮った西日とSFC
1seEtDHCGnXhb4pT232DY7hYefuiPy9V5.jpeg,サブウェイの横から撮った鴨池と紅葉手前の木
1GPDrrlEtqnbZOqLqq-5vGA40gtIIiKr4.jpeg,オメガ館の裏からサブウェイ側を見て撮った写真
17QQswV8T1RMrrKyRFTuLi3ic91irZ7rH.jpeg,デルタ館にたまに出没する黒猫。人馴れしている様子。
1HzbypgFf-8h5sonbhOjTTpGX6XcE-uG7.jpeg,メディアセンターの裏側は、人気がなくて静か。
1JfWDNuYOu4lPVUzjmpKckdC2aqNU7MpD.jpeg,学生生協の辺りから見た、秋の鴨池のようす。
1E5Nl8uWMQsrzcBPHRqqlRS2IadGJcQ2y.jpeg,諭吉像のちょうど真上あたりに日が差していた。
1u43SKplB4q1QqG9qAh0NBFAt-yqddsac.jpeg,オミクロン館周辺もすっかり秋の風情でした。
10yqKz2jPb5xl0brfQwALn2dQ7EgHPgdX.jpeg,生協前のベンチはとても寒そう。秋ですね。
1DtI8vH1p_K1XFZPqkv8q2YJ9RLLCS2sw.jpeg,本館前の階段を見たら、久しぶりに構内に来た実感が。
1m0OYO12gMKeUb1MhiVsWmfUWtpBUmWLg.jpeg,脇道を見たら、紅葉が感じられる景色になっていました。
1648YBXCr8XXo5aiJE9j_YJxk0VHM8dA8.jpeg,バスを降りてすぐ、本館前の歩道には落ち葉が積もってた。
1tznqoIE3g4QtcIjcPENDQ08qp1o3mZuM.jpeg,エプシロン館付近の木は、よくみると幹がボロボロです。
1fXWIW-8H3fTP1nnta09S2AE5mLFUqTsn.jpeg,鴨池周辺の芝生が広がる坂。丘の上には人が集まってる。
1kD5D0unSrfVH_zAu5d_RBvxEoQjOvPJe.jpeg,sfcの図書館の中の様子。画像からは静けさが窺える。
1CUVZ4JV7fOOHYiqnsiujRTGJNueg2f_v.jpeg,sfcの中心に置いてある福沢諭吉の像。オーラがある。
1KT0PZhl43VYxZcS3wfpMRloNkq4tX7Ty.jpeg,体育館二階の階段手前からの景色。広い体育館が広がっていく。
1a81ECZlfn6EVuC9e4UpbFszWUhvyzDaJ.jpeg,鴨池の様子。今日は鴨がいないので何か寂しい。
1jTM0tJ7IvB41zQvZ3W_mHZ0NODF1I4RV.jpeg,sfcの通路の様子。太陽の光が建物から反射している。
1FvrqBgSIPZaPtmqnfal7Rz1JsSne5SgC.jpeg,UFOの形をした建物。すごくアーティスティック。
1X78XoHcBfxmPBRLoOMLonq54Ub9_6yEa.jpeg,sfcの外れにある建物。学生によって作られた。
1a-4PdQWz906IyWjl8ced7-LDvHArxoQx.jpeg,sbcが行われる建物。多くの学生がここで議論を交わした。
1_1aFyoXa8DjxbNxaq2KT41zJVp6HCziA.jpeg,sfcのグランド。しっかりと整備されている。
1FKbAGbilOqhKSiiYOPo0Elgn46XAvG0H.jpeg,台風16号によって荒れたSFCキャンパス中高前。
1SGYb3vx4ZavlTXHaZ-J04HLUt2BhH3Rz.jpeg,台風によって倒木が起き、根が掘り返っている。
1NnVHYleV8a7cqRXokOl4mkUNVMlHCrJH.jpeg,豪雨によって水たまりだらけの水はけの悪いの第二グラウンド。
13AHbf7pflFFyw53zPOZuViGsXEZ0rxDS.jpeg,中高の校舎で行われた数学の授業。まだ黒板の時代。
1Ob8tbb65eO4HTSc86HEiiEvBLbkb9qdb.jpeg,オメガ館からの風景。紅葉がきれいに色づいている。
1-6Dks2DKSMRe5bCQblA8760DJaJBuq5z.jpeg,窓からの光が規則的に壁に投影されて幻想的である。
1cN3n4yaBXFGAZNzZBGH3CeeWY1ymVReK.jpeg,夕暮れ時のグラデーションが生まれた夜空。
123WvbgobUagybBm4tjVs4rkDzYSxuxdk.jpeg,高校1年生の部活帰りにキャンパスで見た桜
1I4XlX7gl2_I3gjeYkumJRXWgRH9YWLPD.png,中高キャンパス二回の半屋外で家庭科の実習
17OVmGdszf_wrWL5FH0ReK-xIU-_YVkhc.png,バスから見た大学正面入り口近く。遅刻しそうだ。
1rq-u63oFtATNPT02ajzv1KnEmjg05mcA.jpeg,学生や職員がキャンパスに入るために使う大階段
1whVC6QOWeDSf1HvDRD4rnVkHitZNqrjc.jpeg,中庭に立っている福沢諭吉像。夜だと少し怖い。
1vklL084dTvs0Dvb0-FOSAhY8kzEPjeYP.jpeg,事務作業を行ってくれるアルファ館。新幹線の学割も発行できる
1IZRe64241qwWmdkqJrARpH2nG--ghVU0.jpeg,コロナウイルスの影響により設置されたゲート
1T362PYU0MQoLL7RXWqhX-Cgrd7iD7vMS.jpeg,自習をしたり本を借りたりできるメディアセンター
1wg6BaKIFgwf3TiGxOoKUChcLG4ZnuFSF.jpeg,最近、工事が行われて綺麗になったオミクロン館
1AaNxlH5DqbkA0ebk04GQrV_ttj2Np0TZ.jpeg,七祭や秋祭のメンバーがよく残留をしている建物
1QX-gduT5WsfKM5k2VUv1528cHhZ5TotP.jpeg,生協の前にあり、イスから鴨池を見下ろせる広場
12Ne50itj5YDuKJd4_N03cFcnWy-BawHL.jpeg,ほとんど全ての情報系の研究室が集まっている建物
1qORA8NmA4E8TO0EQLKqR4cxePL8ciaZK.jpeg,大学院生だけが利用できる建物。本も借りられる。
16guZb2uPKVJkFwKac9l9kesihrqp9EMS.jpeg,正面玄関から見たオメガ館に向かう階段です。
16guZb2uPKVJkFwKac9l9kesihrqp9EMS.jpeg,数年前、オメガ館で授業を受けている様子。
1YzoF8AoAo5wR7wVtU3QnrvTxr9X-GW-6.jpeg,夜間に侵入したであろう黒猫が柱を降りれなくなった様子。
1wnorA4vD8yWYX4pm-wuq7B8aHeXX0M8a.jpeg,場所は失念してしまったのですが、芸術的な階段です。
1C54ea8levpHQUk3jJ0wqxtKlJrFel-Z9.jpeg,鴨池(ガリバー池)で寛ぐ、かつてのSFCの日常
1vG2G97PuRnudcCERpxhdsceGE46jvUtS.jpeg,池田研究会がつくったエコハウス。いまは稼働していない。
11zaAaFotdjNT6zIyy4ZWz_777185bL42.jpeg,未来創造塾(SBC)にある滞在等の屋根。
1Fha8GjFeNuVKWyoqchTCZQARISSg12y1.jpeg,鴨池(ガリバー池)の先にある旅人の詩碑。
1XnrNbKIDpfsmbLV-mdcJ22xINzuRM-Lj.jpeg,鴨池(ガリバー池)を回った先から見たSFCのベストスポット
1pXyr3cOnTnJYDU1sitk9a5wmY3zg4TiX.jpeg,サブウェイに向かう道から見た冬の鴨池(ガリバー池)
1xvX99qZwIvNTdZYLq0IeeUWsaE60NXut.jpeg,他では見たことがない数のカモが泳いでいた鴨池
1HbG5loUVUhPSoKjhvd7xY0tyIVEPWOS3.jpeg,二面ガラスになっていて外から光が差し込んでくるゼータ館
1ALO8zCml7K0xU--8O_oAc7_uGj--BztY.jpeg,秋の訪れを感じさせる紅葉がきれいな並木道
1FFdye_N7Bp6dJOJAoN4-SV9FCfVfjIr7.jpeg,登り切ると少し息切れしてしまう入り口正面の階段
1m6ot-HL9ch1pOc_hgCLs8hOm_HRzA0OB.jpeg,冬の気配も感じてしまう葉が落ちた木々と寒々しい鴨池
1uaQN7AYKClMSSphTfC4x2vd_-JsrCPrg.jpeg,鴨池という呼び名に恥じないカモたちの行進
1SVLaZTOqEJzuRFwoWNaysthuHorRAYzG.jpeg,通った後をきらりと光らせて一羽優雅に泳ぐカモ
1qgBeoiKnr8Bfd8Yop8C6VU0qF-p4eoWo.jpeg,オンライン授業を受けるのに最適なメディアセンターの外
16K95AnKBJRwJbMV8ppJ0f9381PfkT4bD.jpeg,葉がほとんど落ちてしまっていて諭吉先生も寒そう
1OXj-_3iyr_aaIAapIxcbM1PZAYCCHFWb.jpeg,扇風機の音だけが聞こえてくる人のいない教室
1LPV28x_Mdey0rqdPmRY4lN9zKE0VbfLT.jpeg,体育館で友達とバスケットボールで汗を流す
1p8OTGnIMzl5hE0MHTpQprrP0CJaTeyo3.jpeg,Ω館のみんなの自習室で大声を出してみたくなる．
1gy_M8sgsPOpjBTCMc_6aly0u8fI2naLf.jpeg,名称は知らないがおそらく建築系の研究会のアジト
1ZfMKd0L-BNAfsAcdod9WPnBjjYDRfu70.jpeg,黄昏時のκ館上より観測した星は実に綺麗だった
1fHO5dl5EJYfwF1PwNHfDG0UwuHWrXsiD.jpeg,サブウェイ上で鴨池を眺めながらお昼ご飯を食べる時間は最高．
1Glf7ciWRaj0dqrG-OBxyX_fti5pPgZ6M.jpeg,Δ館は進捗に追われている者だけが生息する隠された場所
1yyv_z_kSlUcun1fsD-lXEr5CvrcKLcHa.jpeg,Δ館への道だが初めは草むらだったが人が多く通るからマット設置
14wo_Q1KFsASJ8jiJdXy-nk5HAYnFqah2.jpeg,ι館２階の教室で特に他と比べて特徴はない
14vEFnNE7C4j0iKctArCqQPfdduD7Ejj4.jpeg,ツインライナーが夜に見えると走るがこの写真は反対方向
1OOI4ixFJgpLhsd09Q0Xl6VkjQ4L9AVXo.jpeg,私の研究室の最高責任者Pepperは目で進捗を聞いてくる
15evIo5Yq2agoosAsu-5PxPmHp9S2JHZy.jpeg,鴨池（ガリバー池）のかものしゃしんです。
1hX6pKQrbqxwSFttzWxBGJTOmisHu-hMA.jpeg,SFC内にある我らが福沢諭吉先生の胸像のしゃしんです。
1mi9uDxPk6j72UFb5Lh6I8j6UE9bNj7Ok.png,かっぱ館からみたSFCメディアセンター建物
1aNsBGi1iNBBCt1Vry6tw_V3VhXjeewTb.png,これは、SFC鴨池の風景のしゃしんです。
1vdognDYLH-SWffjL0q5D-tMAhpdRt66-.png,鴨池付近から見たSUBWAYのしゃしんです。
1E3RsNZ72qW03mxzH82cnslsWZ1EoClNd.jpeg,本館前のバス停からみたSFCへ入る階段のしゃしんです。
1ER6dNNGgpFMf2kUIlEU9G6AT8F7eEctN.jpeg,SFC本館階段下から見たバス停の風景です。
1n8QUAyupO55SizipK0sbUpC1KtN9viHu.png,SFC本館からロータリーへ行くまでの道の風景です。
1hlLyd-cODy1InUwhswEK0ywj7kIaqteq.jpeg,SFC内道路から見たアルファ館建物のしゃしんです。
1pKeEcLesaCUobCNe8OyUgys5-DiO9540.png,かもいけ付近からみた食堂が入っている建物のしゃしんです。
1KWaE-NUsW5-s2e5VCPMXVl1wxUaiQ7qc.jpeg,黒いカエルがsfcにいたので捕まえました。
1mihfRd3yU71uqIer3PbHfMWGh9-7WAU4.jpeg,カマキリが青々とした木の上を登っている。
17e2iIJvbSIclSq_vrtxgxTXbndhFKSzp.jpeg,踊り場のある階段があり、周りには芝が生い茂っている。
1UI_Kf6DkV-CIu0ABJH2OuwYcvJr0klY0.jpeg,広場に車とめポールがり、さらに木も生えている。
1fzE9nNbCUwOEezvpcg7yz4HCOpSI3YqB.jpeg,教室。黒板には英語が書かれており、茶色い机と椅子がある。
1cBiDwfiwlF4v8agQ7D657YQffPLh1iCq.jpeg,sfcの入口。電灯が三つ光っている。空が暗い。
1Da-RkjlKZYAMRiAedgFQJLj5BuSkmW30.jpeg,手前の３本の木には葉がない。後ろの木々は生い茂っている。
1TltlvBxy5Ywxq16VFpISQQxIgEANhKOY.jpeg,空が青い。手間には赤い紅葉がある。奥には食堂棟が見える。
1SnH_XvIGo2BGt5tVBNFRFVeWKvx7j9Z8.jpeg,中心に道路があり、両脇には木々が生えている。奥に建物がある。
1Rwh2NiG4oRgGLglqXat-U2qo86B5hoD_.jpeg,手間に芝生があり奥に鴨池がある。さらに奥には緑の木々がある。
1Wmd_QC0JRfL3YZC0X-4AtNj0lbd0JngU.jpeg,中高の窓から撮影した対面の教室。蛾が飛んできて映り込んだ。
153r0lEh3Gql23nEILXwbTjae3wu4yV-Z.jpeg,春学期、パーテーションで埋め尽くされた殺風景な教室。
1SzHoG4mIT7qqt6n-1QIlYIg7jayTR76u.jpeg,中高の第三体育館、文化祭前日の中夜祭リハーサル。
1Hv-Wf7bmNiHV6mCGAZwxgPzhJSw_v5OZ.jpeg,冬、バス停からのぞくオメガ館とアルファ館。
1QVQFZxq_cdVZ3D7Lek2553a5gR20eBY3.jpeg,中高の出口付近から撮影した、中高グラウンド入り口。
1Htb2FKdr0HpVRpHH7xcWvXqwfwMmHiQV.jpeg,外周から撮影した、中高の弓道場入口付近。
1F7cZgV5j6duiMs1rysRQ4prtB-t5DkJK.jpeg,中高南校舎内教室。パーテーションで覆われた殺風景。
1p85h8uwomboAhLoGdQhGvCLhOia6-n2B.jpeg,中高教員室横より撮影した、夕焼けと林と山。
1fckrur4uNk4hfENXbxNLVQ9xPCbmddvK.jpeg,未来創造塾、β3(滞在棟3)の二階を撮影。
1gFPElCG3t8jP4lHEGWX7pqA0-lo_EK1G.jpeg,未来創造塾、βドームにて、ジャックオーランタンと共に。
1WBs4irk_7QdRE6xgn_rOYL8mMQJqhgvh.jpeg,鴨池ラウンジ内プライベートカンファレンススペース
18x-aDbbKh6SnEuFijLy5dKmUdpI_z2na.jpeg,サブウェイの屋上から青空とタロー坂を望む
1sSZO_vyJCrSVqzvEcNBJBegoKzRceH86.jpeg,サブウェイの屋上から見た雨上がりの空とΩ館
1G4r69j5CHMkzo3wuiFReuPnlHeD9ewy6.jpeg,サブウェイの屋上から見た青空と鴨池とタロー坂
1B9cyu7ZX3ypEJCn6gcv9e8olH1PuY0OK.jpeg,サブウェイの上空から見た青空と紅葉とΜ館
1vNINefytoN-DnvSIi53t8Vq3TXKxjQys.jpeg,雨上がりの空に虹がかかるSFCの昼下がり
1mOIDQ2EER6k9XNZkvOMBKMAJ-YRIeKOC.jpeg,バス停から見た夕闇につつまれる鴨池とΣ館
19qguIunL1AStjzFTo_zDTGZcabQb6ONi.jpeg,夕暮れと南門への坂にかかる横断歩道と中高グラウンド
1bkzZZF16M3PIpTyDHhUtVlGsBbfb6EFV.jpeg,中高入り口付近から望む桜が満開の南門までの桜並木と青空
1qtw7lDg_W4-MtBscfsZoQdHN-Y_c6hau.jpeg,新緑の季節、生い茂る木々とΔ館と階段と外周と灯り
1kLf_QbNyMMYHFRYYrkjj__CCKe0oGt9x.jpeg,七夕祭の花火。花火師会員と花火師たちが協力して打ち上げる。
16yA_AmMdI92Z7VnSEkKFzX6YfT5UEjJ_.jpeg,鴨池のほとりには木立がある。木漏れ日が美しい朝のSFC。
1Ge0uze1j6lWnANTTvUM65vHcFKwDWSzp.jpeg,不思議な形の椅子はデジタルデザインの授業で作られたもの。
1uPCVPjZsZq2IQsBgsolMph4xCbCaD--_.jpeg,研究棟の裏側。κιεοの4棟が並んだ無機質な空間となる。
1hIlNfxeadIwgHzwKNOTJEgXsIgUZDQah.jpeg,福沢諭吉像。心臓のあたりを撫でると単位がもらえるらしい。
15rNz0cXM9HLF1zXIUbG05PYtR4Kvdv3y.jpeg,θ館。一番大きな教室で、必修など大人数の授業に使われる。
1WizZSCMYjEPry8PL-pfeAMBdQ3ncScyn.jpeg,メディアセンター(図書館)の外の天窓。外にもテーブルあり。
1mlnq4ztDap0d4caD-HvmXw5Plye5qZ7a.jpeg,Ω館をバス停から撮影。青と緑のコントラストが綺麗。
17V7exFfALXcCAC7jN-spMJ5p1joOpxsg.jpeg,SBC滞在棟の宿泊施設。和室で仕切られている。
1xfVim-qETPLG7ny8_gWarJOQFm_9nB5M.jpeg,SBCのβドーム。建築系教員の坂茂先生が監修した。
1xTOfaoEHUmdRIX52lCzm2ajTEUMliRGj.jpeg,ゼータ館前の車道の夜景。夜も窓が光っている。
19PKh9QnlAt0opnUcxMbzZUt-wbCrvPlH.jpeg,バスの回転場の夜景。遠くには大学本館が見える。
10kPYJE92W-m8fdpRJFbnw9jTgX9nI07p.jpeg,大学構内の夜道に大きなバスが停車している。
1yVdp_nj9e1HT2bDcBxkWKBkNXsWlcO5h.jpeg,建物の窓の光が、池に反射して光っている。
1f3ZIts_lwJWrqg7skuJm9HK_RrlfU9IP.jpeg,巨大な大学エントランス前の階段は、夜にも光っている。
1RaZNK4uF7OKZpOX2gevZ4mqBZLfwXh2x.jpeg,大学の裏道の夜景。窓から光が漏れている。
171-8M1GyXPw_80THwl_ooZifRQxZkkQP.jpeg,大学の裏道の夜景。紅葉の木に街灯の光が映る。
1Zu1z4xwhLakk28xpt3v61yZNXCCRKh0L.jpeg,メディアセンターの外観の夜景。中に人がいる。
1bKEdn3D0Tdc8SjzVCL2VBuech7zk7-xJ.jpeg,エントランス前のオブジェの夜景。立ち入りが制限されている。
1AuOZqVRjGyhpKgqjZX7ZgvQZ8m2b8eZM.jpeg,ゼータ前の道。切り株の上にアート作品が置かれている。
1BJBnshv9SP9ez6KY0qCDOXD3z-jEEXLT.jpeg,夜の鴨池とSFCキャンパスをバス停方面から撮影
19tBXA3AT69gjzpNfZpuEPfFAoflMeyxm.jpeg,SFCキャンパスを下へ降りた所にある、バスロータリーから撮影
1EZGiZGXGajp72qj3eaux0RJyEeWYSdlS.jpeg,夕方の鴨池とSFCキャンパスをバス停方面から撮影
1US4R7j1DBj76uHtL5Q-M51x0kcQLlfyF.jpeg,昼の鴨池とSFCキャンパスをバス停方面から撮影
1I4F8MkRnxYY5_YVkEHdhngWv4Sw1UpBk.jpeg,慶應大学本館前の向かい側の道にて、空に向かって撮影
1yATw85qqaA0azaY3SFYxiqVo5fbzQwU3.jpeg,下のバスロータリーへ降りる道の途中にて撮影
1xLdEc2VGxyVfSpD8l0tLtrGS77inNyav.jpeg,バスロータリーから、SFCキャンパス方面に向かって撮影
1qlEF92cjg1h9bRSIQ21Np-j2z-M2NOZB.jpeg,SFCの生協の横へ行ったところにて、撮影
1vc35dUi7xoz7qb4jqtKgd_HAqPbhvF8M.jpeg,昼間の生協の外から、鴨池に向かっての撮影
1kMu2kBxCfXKQMrg2TuXM4T7CXu2jtFyG.jpeg,昼の鴨池とSFCキャンパスをバス停方面から撮影
1EGd1KYGjgz0Lf2tyem2qcDRd_jPKjs2j.jpeg,オメガ館2階。左に階段があり、右にはスロープがある。
1P1OxcBZLkjl33RxtlNwKE0rLI2TGRQSG.jpeg,メディアセンターのある棟。メディアセンターは写真の左の方。
1XmTiJvwnMsoFw52paZxYdnDgVPGo5WFA.jpeg,SFCにはサブウェイが入っており、鴨池を見ながら食べられる。
1aFjAbs-KTCDdGc3NxyHxpG103XJzQPGj.jpeg,イオタ館の入り口。KEIOの4つの館のうちのひとつ。
1PHihUbrCDwS0MltyIrVkZAGqkQ0VGas8.jpeg,SFCにも福沢諭吉の像がある。他のキャンパスにもあるようだ。
1jElYGYpBuNR_g2foRwEfqxGGFLUAhroS.jpeg,湘南藤沢キャンパス構内案内図。イオタ館で撮影。
1qFs-IOBsr857u0eplco5JcEOOyf3EOUi.jpeg,イオタ館内の授業教室。机がきれいに並んでいる。
1XpELxScfixlqVaqJ6DqKIo_qNQy5xIP5.jpeg,ベンチとゴミ箱が交互に並べられている廊下
1AjcVnDKe54xqHy8pcbmDgRyr9ClvEDpZ.jpeg,コンクリートでできたオブジェ。なんのためにあるのか不明
1kiEUH8t_ZjBZKHj79a02WD9vkFXWFIJw.jpeg,メディア内の図書館。背が高いため踏み台が用意されている。
1ioOwzHgfRmYMhPLGunRHL29tKcmerlvJ.jpeg,SFCメディアセンター入り口の隣に置かれた椅子とテーブル
19RAKNH-Y8NC-YFa9U8SYRFeHFpj7qeRn.jpeg,SFCのレストラン「タブリエ」のメニュー表
122czTnWfzckIT87bRuL1vCYEi9ZcAZLT.jpeg,SFCの草むらの広場に置かれた福沢諭吉像
1ol2ql98e_9kdovUXM32qjtMYTfK4Um2I.jpeg,SFCのK館の教室「O12」の入り口トビラ
1GyoN7kXQME8Xmm82SibYAvmv6jmMeyFH.jpeg,SFCメディアセンターの出口にある検問機械
1-fYVLbmZZUWJITaTzCTy8T6ntaXkDKQ-.jpeg,SFCのK館建物のガラス張りの入り口トビラ
1d8y-RJ_e9wROMzZStH6Kda6RsEV91UAZ.jpeg,SFCメディアセンター1階にあるFabスペース
1KBy7vkujKLZnWKiNBfENWzsPQ-nvc6vx.jpeg,SFCキャンパスの主に大学院の授業が行われるT館
1RRfI1wOZXeDhXB4rRTB4T3vvL1vEnsWV.jpeg,SFCの広場に置かれた分別可能な３体のゴミ箱
1g0xlYYvH4fChwhC8x2vOJ5VJeNch0doz.jpeg,SFCに二つあるコンビニの一つ『CO-OP』
127APV7fSgbKseiRDgqvA8ZNxekuz1bje.jpeg,SoKanKanバスのバス停．「デルタ館」前にて．
1Xglq2DkGomayGQgJK0mgiwcyQHiRkBG2.jpeg,SoKanKanマイクロバスの時刻表の看板を撮影．
134n8zcIE1QdhL3QW_qOKiRCPas_C46T0.jpeg,大学院棟の一つであるデルタ館へは，道一本隔てて階段登る．
1oReHJhJO66shKNjKvfDPXN0_2TKFHxp2.jpeg,夕日の中の三本の背の高い木は，冬のため葉を落としている．
1Ju_7RcmnS0M9vClbtKBaasiFZbnUnoFE.jpeg,手すりが設けられ，夕方以降にはライトが点灯する．
1rs2GoZO_NnNH3JwTPU2o9Pa93VlTjeAU.jpeg,SFCはガラス張りの建物が多いが，夕方以降照明が綺麗だ．
1mn7N8ZsijyHLUglcDtIHDHRIBnS5bHhC.jpeg,夕焼け雲と建物の屋根．陽もかなり沈んでいる．
1yRcK9zMZeHRvQu5XWXRE16Ouu0xFSCrw.jpeg,大学院棟の周りは一段高くなっているため，手すりがある．
16BLaPl2uEteGr5lZXzy7Jz9CiLWZ-XGw.jpeg,構内は道路があってバスも通るため，通常の道路標識が存在する．
1_kk58_KwVMm0jcVy9-6Rw-KdTatkVYyP.jpeg,逞しい木の幹と，手すりと，建物内の照明．
1HnLFcUv43mhOAN16MYtP2UQLq05gKQpP.jpeg,鴨池を背にして撮ったメディアセンター。ガラスで中が見える。
14_Gkv8Wl54u-fihBdwYoQmEEYFF5xU5v.jpeg,階段を降りながら撮った慶應義塾本館前のバス停。
11atae4OqgI4eeGN0O1KEc4vbCpI3kGQy.jpeg,遠目から見たサブウェイ。坂が少し急ですね。
1_YBmqTLLG6k196lP8nRNFPu0FdCvR7IQ.jpeg,sfcの生協。中はコロナだからかくらいです。
1xiOdSlJYbKfVodqIYQpLAT42hrkqqIKx.jpeg,生協前から見た鴨池。楕円形なのがわかる。
1QURMj9OLsm-btLZqPaAFihWeROaeLXCI.jpeg,椅子がしまったままになっている生協前のラウンジ。
1Y5oFRFdGT8rUcJC8uYhF9Mb3xnBM3qwk.jpeg,カッパー館の渡り廊下薄くて落ちないか不安です。
1DTfFyXYv90KqjBsRr5ZuZW6ZldtWtQmG.jpeg,sfcの福澤諭吉先生の像。芝生の中にあります。
17gadl9s9qMxOQyA6Q7grpGgBSjzrUdei.jpeg,芝生と葉が落ちきった細い木々。後ろにカッパー館があります。
141v7F5F2MFJhlQsX9cfkbNC3M6qGqPZW.jpeg,sfcに入ってくすぐに見えるメディアセンター
