1DW3j3UUe6yWjHY8HyupHsZGgEwKjoYre.jpeg,残陽がオミクロン館の壁に当たて，空がピンク色になる
1KekbwjlURK0tT8zokqJvspro-rrdzU0Z.jpeg,残陽がタウ館を囲んで，森の隙間に光が透ってくる
1GcC9sx5LI8cD5l3b7QwJq_IFqRpJSJSW.jpeg,オメガ館の中に椅子が半円状で並んでおり，講演台を囲んでいる
1SmW19zO9GOZoMZj-cN8izIDh7_OwP7fl.jpeg,オープンキャンパスの際に，慶應の旗がsfcの門前に立て居る
1ARK1If7AyqClfhaknF64QRewGK49pi9i.jpeg,沈んでいる残陽がサブウェイ門前の木を通してくる
1QYKNvjTqK0KcW3FxyPHz2uQO1svnZ7cB.jpeg,木が道の両辺に立って，大通りがタウ館に通して行く
1sS-FyfXsaWH4jV-v4ym_jis9vmFvNRRK.jpeg,図書館で光が椅子と机上に当たて，黄色の反射を引き立てた
1a-JVqY0u0sSZh0CZkWdUqJZdKuWZkcO9.jpeg,電子ホワイトボード上に今日の講義が映している
1WpYlvEhgWPV9QTC0cfvnHl5v_QngHJKR.jpeg,早慶戦の為に，慶應の体操隊は各キャンパスを巡て演出する
1uEOJdUVc8-639vIiBMC9lqJnGh5OMIjm.jpeg,図書館のラウンジに太陽光がガラスを通して，机を照らしている
1RKkxdCPvG-I4_1WY-trtyarUB3NAZiGm.jpeg,誰のためにあるのか分からない屋根付きの空間
1d5NjrNEyvtt1w1y5INSAW2himaPSWfWy.jpeg,私有地だからこそ貼れてしまうカモ注意サイン
1-x4fabQCNa0yXidaPh2C2xnEKiZn--DS.jpeg,生きてるかのように傾いてる石の小さなポール
1fEtAfdhH0ssYrclj7yXzT8DPDo4w1fph.jpeg,二重になっているせいで何が書いてあるか分からないサイン
1RAGephh3lwVg6m4RP3N8uMkCR3j4WKD9.jpeg,あまりSFC生に知られてない奥の宿泊棟の裏側
1D0w6cUtoVbC8Q3SGACrL107Hult-en9A.jpeg,ちょっと子供っぽいデザインのキャンパスマップ
1OYYsrXhBodo_NqFF98mb-Xtl0kpPtTTs.jpeg,真っ直ぐに整列している赤い背の低いコーンたち
1PcoT8wQs8SRrA7-kcMNwB1nMr1yAcUSr.jpeg,どういう数列か分からない「１、２、２、３、３、４」
1JIOnxfmu3-QGP2SlTvSXyXaxtDIKbWH2.jpeg,キャンパス内で唯一タバコミュニケーションが行われる場所
1Q7EQWd9q9VG7b8FFQu5vlQRSbmSgq-ln.jpeg,なんか主人公になった気分になれるオミクロンの下り階段
1dpJrXjPd01cdqVrI7d7TfQptWeXMJg6-.jpeg,冬の寒い朝のデルタ館の木に止まっているきつつき
1Q8LdeGc5cHdlDz8fBQQT5OFPtq5zFKEp.jpeg,卒業式の日のsfcの入口を遠目からとった
1CGVD13syugLabcxdTWrztV0cVwYVON8Y.jpeg,とても綺麗に取れた遠目からのかもいけとsfc
1JUHL9JV7lNeltXw9aPv_dWHmaiS-azp9.jpeg,sfcを出るときに通るゲートから取ったsfc
1_aA7r-EPxzklJkPpSMmYyIScDzUhaRmQ.jpeg,sfcに植えられた木々に差し込む眩しい太陽光
1FAWop4TyrIMJLEbolgJsHLeTqvp_3k_j.jpeg,sfc中高の生徒の下校が被っているためとても並んでいるバス
1JX6reb2SP7-FdPj56vBNoiRq2DAaJUoI.jpeg,デルタ館2階にある謎の空間。時々駄弁っている人がいる
1hgtBMpUGeeWuE1Hsb2wqm2J_LdQxtySf.jpeg,残留帰りに取った夜のsfcの入口。照明が綺麗。
1jApsrmrmtwbKfpDg6BKDJlC1ql3bpVYZ.jpeg,残留帰りのsfc校内。虫の声がとても風情がある。
1uig92DXsEkl_R6GP2CHmJtiS07Ja8_C5.jpeg,七夕祭の日のsfc。看板がとても綺麗でテンション上がる
1hTD23wk9ZhsO8ocSaCZnbPdAoyISQ-KM.jpeg,生協の裏にある、カップラーメンが売られている自販機。
11PVE4PVFrkfahuqSTUmOlnfcoO7wWCNE.jpeg,レディバードで500円で売られている中華あんかけ。
1SFz9pqR3z1VTJOJq5ANbl_O8TSkcD9PK.jpeg,晴れの日のSFCキャンパス前入口を抜けた場所。
1mRpFRR_2qDGUqO9wE7B87RBJ8DlExcj0.jpeg,サブウェイのドリンクセット。ローストチキン。
1G7qNCJ_7--CD31m5rPJU93yNpHilXkAx.jpeg,修先生のオペレーティングシステムの講義。
110lbA_K0l1ktW0XMwpKzbbRKb0h99pLb.jpeg,ωの校舎にプロジェクターで映画を投影している様子。
1b3SD0g40SLWsPIxH3M31WC2w6yV4Q1nS.jpeg,2匹のカモイケ（ガリバー池）の鴨。黒と白の鴨がいる。
1IkU_ZzrHgyr1MQdAasKDO7X-ksg-6SPw.jpeg,オープンキャンパスのため、途轍もないバス列。
1CNp3IZZ9PjbDBcqXfyWKD4G7eKaR2SxH.jpeg,デルタ館（コンピュータ系の研究解棟）の廊下。
1qMAOVEdx9Si2XQUo_MFJYyyqbTzOmO05.jpeg,デルタ館の2F渡り廊下に設置されたベンチ。
1FPi_6__NDx3SbCscVCn3BfMKII5oawu0.jpeg,パソコンが並ぶ、メディアセンターの映像編集スペース
1BllQ8-QlP1SMEmsHrJohawPDBDKE7PUq.jpeg,SFCのθ館の白い外壁が夕焼けに照らされている様子
17d78hsN_Xfjm0i0kd5LCFjw1IYuuItfY.jpeg,鴨池側から見た、SFCのメディアセンター（図書館）
1Ns0f_2SY9zGDGSOx6XhZunivuqycRocS.jpeg,SFCの学生ラウンジにあるサンドイッチ店・サブウェイの入り口
1N9mVhpE_PT8NAXUYTmsC-O-i-yHTD7lF.jpeg,自然豊かな夕暮れ時の鴨池に、鴨が優雅に泳いでいる
1fK_j5RoTx_6aTefjW_xAGdLn-zriE3cN.jpeg,多くの講義が行われる特別教室のある講義棟
1ZLbxe6xnDyp2PaH95mUPOTnS-1GaGbtj.jpeg,慶應義塾大学を創設した福沢諭吉先生の銅像
1wcfZ247hZZfcMAV7rZJbWn0APIMJq4bc.jpeg,SFCの体育館が、駐車場の奥にそびえ立つ様子
1tWJFk19BJFopJk0LxtdDVpcWjeyymuIa.jpeg,大学院棟。学部の建物とは対照的に、複雑な形状をしている
1DMvVqkN9fYldmVLOF0srvHZ-e4KmjqnU.jpeg,森の中に立てられた趣のある喫煙所。自然を身近に感じる
1rddXh395jFaNmk0SaesrXv1qT6v83i5C.jpeg,運動場の写真。体育やサークルの活動で使われる。
1ao0Prvw3FITytwLGikLAGmALGUvyUn9j.jpeg,SFC内のサブウェイの写真。昼の時間には行列も珍しくない。
17VAGEtU1hsM_WOj_QveghhwRGkOCTXzp.jpeg,SFCの体育館の写真。アリーナと呼ばれ、体育などで使われる
1to_IyjcCWk0TiuzR36duXA0rU1EQPXVW.jpeg,τ館の写真、学部生の授業ではほとんど使われない
1bTNSgvXuuHpdil76cGYmb1Fp0aVIb10n.jpeg,みんな大好き諭吉像。よく見ると結構大きい
16MQIeC650pVQWRQ09g6SP5bi0HAQifBF.jpeg,κειοそれぞれの館の写真。keioで覚えると覚えやすい
17DZLX21gNDI35Uv9piMtcJiOnKvRRXWL.jpeg,鴨池の写真。本名はガリバー池。寒いので行かない。
1RWqbDgtWNtC7G_Vhl1T_OukOI3zS2yBj.jpeg,バスから降りた時に一番大きく映るSFC。とても近未来的
17lwjV-AIYrMwWk1AHbLHGUAkucYb-2UV.jpeg,入校までの道のり。今は検温のため一つの入口に制限されている
1mK97ZntR8Al7kqk-SlbcoqXCXfqHoE4p.jpeg,体育館までの道のりの写真。思っているより長い。
1S6vpYj9HdZsvBs8gg9moGybPwgved9e-.jpeg,鴨池前の芝生。学生がよくくつろいでいます。
1yaGCORMNgHCu3ZT0Y9UELqXWRgv59www.jpeg,食堂の窓側の席。暖かくてZOOMを受ける場所にぴったり。
1cX_s_Sew2b0PMkox6F41_SQ_uwDqk6kQ.jpeg,SUBWAY。学生に人気でお昼時はよく混んでいる。
1c2Lr7YpyNiHldbRKGfQBiv6OlL0QNIsV.jpeg,SUBWAYの上の席。空いていることが多くおすすめの場所。
168ypq_V4VE1eglXGmgPU0xOxXhzMnzGp.jpeg,福沢諭吉像。新入生は写真をよく撮る傾向にある。
1HnOPTrrhYk_IH0IULm7-GAKF0uqdU_sB.jpeg,メディアセンター入り口。学生証がないと入れない。
1_nDNv-wqL7u_HCGMRttlMx2cjRMFaiAL.jpeg,Ω館。二階建てで大教室が4つある。夏は暑く冬は寒い。
13jLKYapmW-SNicKS8sYjzKiBIrdKq0XG.jpeg,キャンパスに入る前に体温測定をする場所。マスクが貰える。
13eaEfrv6yedCf1GmzV9w-5aNyDz9NwwM.jpeg,バス停。3限のおわりには混んでいる。奥にはテニスコートあり。
1wFfmBCxRVQbnnb8IVgK5Z0DckMW9GRBx.jpeg,鴨池。名前のとおり鴨が多く生息しており、頻繁に確認される。
1ofmz8JtGC-cpFC35RVcLBZuo3wVdUhgV.jpeg,紅葉が深まり気温も涼しくなると、中庭にも人が増えてきた。
1Xp3s_MkPsT5nMh4l_LgaMtOahXZdBk55.jpeg,SFCの代名詞でもある鴨池には、かわいい鴨が沢山いる。
1VSlvIlXjD_xlDMpNa2LeO4PcAqgmztsm.jpeg,食堂には、学食を食べたりオンライン授業を受ける学生達がいる。
1-aUtM8zEUgAVP4WpuVKBUeeNcn_PYGfh.jpeg,私はSFCのサブウェイで昼食を食べるのがお気に入りだ。
1K6eZQG6SzumElUIAFRDPPP2gtrm1qaM0.jpeg,慶應義塾大学の象徴である福沢先生の像がある。
1OnesKT_WssmGlMtLcmYNCehjnfKDqda-.jpeg,メディアセンターでは、静かに勉強することができる。
1BvadFoK0v_RwNcVW-nOkRQVThigLhNyY.jpeg,校内にはくつろげるテーブルセットが多く設置されている。
10MkAl5WVXHaLFWDPNUGAs6aSc1Dm517_.jpeg,SFCはゴミ箱のデザインにもこだわっている。
1L6PeAFTRkKJf3onVtZuSemCyNbOo-hMO.jpeg,Ω館では多くの学生が授業を受ける。オンライン専用教室もある。
1mBwgMx3V8SmhcaEkoXLMzdQ34HQOk8nC.jpeg,サブウェイの上には鴨池を一望できるスポットがある。
1UwSK7MAHppz_VY2rXjPhk2fKOb5IeoqM.jpeg,食堂でお昼を食べた帰り道に見える鴨池の景色
1aHaais9dgHEil0G39SCKNcuUjrEUC94H.jpeg,紅葉が始まりつつあるSFCのキャンパスの景色
146hVkCpQltvdzmR7V1_D_qDN-0OTDWTo.jpeg,日中、木と木の間から太陽の光が差している
1cLSgFaan2x0Exf21rhQxCoXSGsiJV1Cy.jpeg,授業の合間に、友達とかもっている学生たち
1lwEDD489MnSzwH05IHK7xBOFfLEztXru.jpeg,天気が良い日のサブウェイと鴨池、遠くに見える校舎
1RdvW3u-Z0p6IHN8hwweJc7jjANApHFTa.jpeg,バス列に並びながら見える夕方のキャンパス
1S3nMasahZGp14XVw147gxdzjYhZlCa75.jpeg,数年ぶりに開催された七夕祭の時の、普段と違ったSFCの景色
1_ZmJNyJ0lQkblQkUzBJKhYuGV3fgeiwP.jpeg,バス列の長さに絶望する、授業終了後の景色
1g1fOgtj-Wb12ILiloV4VWPlEIUDXULQV.jpeg,授業開始前、人が続々と入ってくるシータ館
1JdpLOH-P2XNeqQM3GEoLx0TTjFjnfO6r.jpeg,鴨池でしゃがむと見えるキャンパスの紅葉の様子
1DT3umggM5Wx1pYEL-m04BXYiJ3urCDIW.jpeg,キャンパスまでの道のりで美しいと思った紅葉。
1aIA2W3Uh3o4OJOIiIh2JzrA4VCHENda_.jpeg,キャンパスの入り口で撮った意味不明なエモい写真。
1RwRuF24oz6xtwaERQ-_idawpMeyiAVxq.jpeg,オメガの2階から撮ったキャンパスの入り口から見える紅葉。
1HHyTGN76t6I3xz0wc5JhPfYSxvTtzMmA.jpeg,ほぼ毎日見るが多分誰も特別に注意を向けない木。
1PphAfVVxYfTCAsma8WyZQJfaJ7v-iikZ.jpeg,SFC特有な特徴的な建物で、確かイオタだったと思う。
1KGFv3MyEiqbx_0TpOfOd2NkCHs2FFlLt.jpeg,カッパの前で見かけ、肌寒い感じにさせてくれる木。
1nkQRSTebb6g4c2RdsHKw9GH58bDuiARh.jpeg,秋の落ち葉で緑色の草を覆い被ったエモい鴨池。
18IyC9sLCqQ3Pgu7uj3oUNov9HVDM4M3y.jpeg,慶應の名物、慶應マークのついた特別なマンホール。
1Q4TuySrfSYulA7maaVaGvRryuNn-iZNT.jpeg,コロナ後に出てきた、感染対策の4ルール。
1ivrSswx4vqtPegzK3B7e6PvGbekbM8RB.jpeg,キャンパスの入り口から少し斜めで撮ったSFCの建物の写真。
1PyybDgv1uzAeVaToLxwyh46q4j5tbi-E.jpeg,慶応大学校門前の縦に長い横断歩道と秋の風景。
1TpJ0_h7heL3UbeP7k8gk1MLy3tvinNv4.jpeg,慶応大学校門から秋の風景含めて鴨池に向かって取った写真。
1UQMslRcWfyZglUajXSHjYCIGH5bgILJ3.jpeg,慶応大学校門出入口の特設ゲートと奥に見える秋の風景。
1yzQLQmNOL-jVVvLJaKfThK4siYrsMKc9.jpeg,慶応大学校門出入口から右に見える大きな建物と秋の枯葉の風景。
1KDJm7ueAeVIe_1q4TqVEKT9DB5o4aaIv.jpeg,慶応大学キャンパス内の卒業生が作ったベンチと秋の風景。
1_n2KVJloW5kBSLfB0cM5hP0A7eKhN9i2.jpeg,慶応大学キャンパス中央にある福沢諭吉の銅像。
1mIJJykk4RFfe-ajojLMM6GJmdupiMNT-.jpeg,慶応大学校門前横断歩道から見る長い階段とキャンパスの建物。
1C47LAsNw9H-SWAhtIWtYXs9GBqH1R6-d.jpeg,慶応大学キャンパス内、影が多く風もよく吹く早朝の風景。
1-ycUbkPnwDo_2X4htNQHtyha_ev5PTbU.jpeg,慶応大学キャンパス内にあるsfcの象徴の1つ鴨池がある。
1tTXhsvRfotAViyjALsf2XnvqJeWi7Boc.jpeg,慶応大学キャンパス内の食堂に向かう途中の秋の風景。
1ONARA2GF9t59AjXh5sTkzX19MCqf4Yxy.jpeg,慶應義塾の生みの親でもある福沢諭吉先生の像。
1OyjXeGC76lM91lYerVYeAZni1o1z-BXS.jpeg,多くの生徒が昼食をとtたり、授業を受けたりする鴨池。
17BBX0rJ-Nj2h67nqcLnQRRRHLj0zhLwU.jpeg,鴨池の近くにある、アートを感じさせる建造物。いい影を作る。
1PE2PwOdizjUtK97sKfRTc0jWD3lTo-iP.jpeg,鴨池側から見たメディアセンター。鏡の配置に秩序がある。
1cHvA6xq7KMtT495ZOkfnoB-W8EdKwsFF.jpeg,湘南台駅に向かう慶應発のバス。時間帯によってすごく混む。
1jNDq9NhPOhzpU6tTP2t4WxTpQ0HUd1AS.jpeg,秋に見られる、SFCからの紅葉。写真を撮る人が多い。
1p5xl-B6ZONY6dOWVxdaaE1GYFJSNSPQ1.jpeg,ここで何かが行われていることをほとんど見たことがない、広場。
12VxSr4QWRvVkoWsk2LI5KsA1NzV1qJWQ.jpeg,キャンパス内に作られている寮。まだ建設中である。
1weO2XICR2W0r1mZ14MeN-R3Y1S2uijew.jpeg,森の喫煙所。森の中にあり、コミュニケーションの場でもある。
1ObIytWtuxp0fFWo31AVbF7TwZzVC5Giy.jpeg,キャンパスの誰しもが一回は行ったことがある体育館。
16putW7YRPCCRFIBdiZTGjGei3EwC2h00.jpeg,慶応義塾湘南藤沢キャンパスイプシロン館とメディアセンター
1xhDxjud2DXrmW96rOQonhxPbGdcC3ZyE.jpeg,慶応義塾大学湘南藤沢キャンパスカッパ館とメディアセンターの間
1RitwPGJNll6UER0HxIQNQS2HfdvA8A_s.jpeg,慶応義塾大学湘南藤沢キャンパスイプシロン館教室内１
1I3LOhV18tJIP8F_QvjcfBG3NdbizSqp5.jpeg,慶応義塾大学湘南藤沢キャンパスイプシロン館教室内２
1upAuK3-HcGF7afOHgRKy5B2gm7dArkTX.jpeg,慶応義塾大学湘南藤沢キャンパスイプシロン館教室内３
1orNsCDA4Eam9lK9-Nb7nmBZ3Jjd3nE8x.jpeg,慶応義塾大学湘南藤沢キャンパスイプシロン館外側１
1Gh3l3y-OvMSqUKVU6FREnQL1_gWyQ_Rf.jpeg,慶応義塾大学湘南藤沢キャンパスイプシロン館外側２
16UAL-lq76SNke1N17rDR_hCvH2cbw3EC.jpeg,慶応義塾大学湘南藤沢キャンパスイプシロン館外側３
1f0EOm0FavrUzmzdmKEKL5I0AIabajuQY.jpeg,慶応義塾大学湘南藤沢キャンパスカッパ館外側１
1oqzZB0ka7jGccYd0p6t01oq1jLwrlXlO.jpeg,慶応義塾大学湘南藤沢キャンパスカッパ館外側２
1L5rxhW1mJ4SvrVe4SaE1WJ2_hpqPaVUW.jpeg,福沢諭吉像の隣の木。秋だから葉は付いてません。
14yTu4dpawzQUj45avL5pAqKJl4rxk8lO.jpeg,サブウェイの入り口の前の坂の上から撮った写真。
16qIK1Ax_nQaqXGS0gZFwebDxuor_O2Dv.jpeg,サブウェイの入り口の左前から撮った写真。
1JKH6Rfeiy4-X73-tOG2Y1KlB1qJ0nCv5.jpeg,晴れているの日の鴨池の前にある木の写真。
1PBSiajQNaliWxWM50DF7XnL1fVh1HyiV.jpeg,晴れている日の鴨池の写真。緑色で汚い池。
1BURtdEDegqVSiksLzkg3kI4GRLneKc8-.jpeg,紅葉の季節になりました。葉が黄色くなってきました。
15xYEEUlVym_RwK_OjzruebYhKyKW4Qdn.jpeg,SFCの入り口。検温して入る場所。Ω側からの写真。
1dhCD7cCbfS5Qticw3vWSzXZus7XPFqUp.jpeg,正直行ったことがないので、何の建物かわからない。
1lpUUEJTWNOqs1lMUEbbxV92ROmU2BcTM.jpeg,郵便局の車が停まっている。電気で環境にやさしい。
18eZu3ojdq-yOcw9CvAlktzMWgyc-mBAC.jpeg,θ館。白いかべに大きなガラス。とても綺麗な建物。
1dZo88BMtc7sQna8wSIu6P4A6-wfu7pgc.jpeg,メディアセンターのソファでお休みする初音ミク
1SFT3iQ6kreMHJiiB5VkgNJoa7hSLUIwO.jpeg,おなかがすいたお昼時にSFCのサブウェイを食べる初音ミク
1nA532eto4MNNqPjRsjWomLbgneaYJqPT.jpeg,紅葉が始まって少しづつ葉が赤みがかるのを見る初音ミク
1usBs9edxLMuDBWZaJ2lUEIGV9PtwbTE9.jpeg,鴨池のカモが並んでどこかを眺めている様子
1bZnumfODO-EhL5kPNghYJtspMqMhq6n9.jpeg,カモが水面に浮かびながら羽をはばたかせている様子
1bGQRqHhE2XvL-XEKayEQ06aPeq5mo54Z.jpeg,講義を受けている際、ペンを渡してくれる初音ミク
1fjMS-ZGqi9wFqt0jKL-Lpi3s4S21S8hg.jpeg,秋の夕方に鱗雲が出ていたSFCをとった写真
141EaXuB5G-dWbSX_vo8G07L8WtP38jYL.jpeg,７月１３日、推しが授業で紹介された。前の祭壇は私の私物
1633Mg8PPl9UffDynrQOb2i4jgFJLuJd2.jpeg,図鑑に載ってもおかしくないくらいうまく取れたカモ
1iXYkFrT18AUg02ARe4HSTEdHuv_jqMLJ.jpeg,鴨池で綺麗に一列になって泳ぐカモ、この後飛んだ
1AaageGg31soJP9jQACEHdfpTch-0DOxb.jpeg,紅葉した樹木、謎のモニュメントとサブウェイ。
1Hef6A3Vq3Fvpi6IkDtMgBj5oKQAshWvM.jpeg,鴨池に寝そべる学生と、周回道路を走る鴨池急行バス。
1VZ7i_CptsOK6pAaU66FiKV3LIFVTYZzm.jpeg,暗闇にそびえ建つΖ館と煌々と光る研究室。
12wm8xDpI9bPbdx-3AXGhoR9ZEq7arJLm.jpeg,宵闇の中で煌々と光り輝くメディアセンター。
1X2X_83jSfqgVrFmC9LUs3oeMvZV3cD9y.jpeg,登校する生徒たちと、青い空に白く映えるα館。
1nc0QgSZIhUGqQgn0AjfqGDm9G69MLlWf.jpeg,慶應義塾大学本館前バス停と朝だけの特別な改札。
1rUZyUHgYfVZvpvTqNGQbeX8gIU_jAU5x.jpeg,5限終わりのまだ少し活気があるΣ館やサブウェイ。
1n2qRu7nlWLs5p8DPOqKTuSrqchrbqT_S.jpeg,鴨池を悠々と泳ぐ鴨たちと、その隠れ場所の水草。
1iqK4Evz7TUiHS6mvlGqlAMpukAmfvR_5.jpeg,日が暮れても白く浮かび上がるΩ館と大階段。
1OKFNZVH-U_wI9PWuaWIrGAsTxFuSurRf.jpeg,深夜に寝静まるキャンパスと、明るいバス停。
1h5trdgXgBFO_eXwBawer6xajgTcYcWQA.jpeg,ε館前通路から撮影した、鴨池の芝生の写真
1DOV6oXUo7GAfNyY8dajDSSj3CJRMfB3U.jpeg,ε館前から撮影したメディアセンターの写真。落ち葉が多い。
1WbokM24jKKTYnfDnlYohzo704P7Ts2ZK.jpeg,売店前からスロープを撮影した写真。葉が赤くなりつつある。
1RXvL9Gn-A9TrT5bb7wR3B0G9DmtZxok6.jpeg,授業終わりの鴨池を撮影した写真。人がまばらに座っている。
1k5kB_W015XvDgKN0OD74-vZs6MK-gwuk.jpeg,曇った天気と葉がない木によって悲壮感が漂っている。
1AjO2tYrR7MeSMxVsdjbBGlsOFbBdEGa8.jpeg,ι館の教室の中から窓の外を撮影した。授業中なのに人が多い。
1H1umS86Kf9LQAiP4XtaXVkLkTS7iwByX.jpeg,ι館の中の教室を撮影した写真。机が密集している。
1guSnb6aMF9_NF6vCd_d9W5dLnzDMDQS3.jpeg,夕方のε館を撮影した写真。窓から漏れた光が綺麗。
1wKQa-OqU-QLoCE0ZTKEqBOBpiApIHhFq.jpeg,夕方のメディアセンター横を撮影した写真。
1oKoadelnSOwHVoLW-FM_TSLfQu6or362.jpeg,夜にサブウェイを撮影した写真。サブウェイの電気は明るい。
1-IMYwt3PCu0dfOAXCPpCwgs4QjsnNtQW.jpeg,注意と書かれたカーブミラーとその下にA看板がある。
12kz9uJoCCRvUjoE4qasWT0Mw6lCDVdfc.jpeg,左右に木々が並び、徐行と書かれた交通標識がある。
1bW81aw245eLg5-maTSlm7S_NZTidPqKk.jpeg,大きな窓ガラスがあり、内側にカウンターテーブルがある。
1OUzVZ-ePTs4F_Q0m3pXOvvk2kemEhw3T.jpeg,大きな池を背景に、紅葉途中の一本木がある。
1GQm8-EUqidkIZYLS6iP0JH7eTOiM9bpu.jpeg,4つの建物が縦に並び、手前にはスロープがある。
1xx8KueAMR06hH5yM6kdyz5gsQmKjjyzu.jpeg,中央に一本の電灯があり、側の歩道を人が歩いている。
1CtzHuQoKAqKoi7JrssBPIs9bo8EmkR4A.jpeg,4本の大きな木の手前にグレーの構造物がある。
1yl50lQsY5pKS7sSgCOApRBlZctyRrioj.jpeg,消防水利と書かれた標識の側に整列した3つのベンチと木がある。
17RxRd3Y2c2DMO1HmWQg0t_GxrbeB4xdh.jpeg,横断歩道の軸上に沿って整列した電灯と奥に巨大な建物が見える。
1IQgHLPTb2YoIVKzUcsblkuJg4ak09Lzj.jpeg,中央にベンチがあり木漏れ日が降り注いでいる。
1ylzXRG64KyxAceuiWX5jOBQS2Exiu60I.jpeg,早朝の朝焼けがとてもきれいな湘南藤沢キャンパス
110131tYCU9KuEzcwjExZqISJwjzZuROZ.jpeg,早朝の、誰もまだ授業に来ていないシータ館
1Jru_IBhkDQ36VmwTPcMcPXBw2sQdsoxC.jpeg,真夏の入道雲が見え始めたバス停近くの風景
1WW_Jq_j_mz_dGo6r9PgaOklMr2IfVf7g.jpeg,田中浩也研究室の木の幹に置かれた3Dプリター製の腰掛け
13cFZ7y-SyXSbH_Rnsk3OX8XrJN3pQ5o4.jpeg,雪が降り積もる湘南藤沢キャンパスを走るバス
1Ox4PvxyK_dynynG4LZuKmL6B2199CiLT.jpeg,湘南藤沢キャンパスに存在する、ガリバー池
1L_kD7EWiKHfVHiBIdiLMD5RR3n8oht-1.jpeg,明かりがつくとより特徴的な形に見えるSBCにあるベーダドーム
1yX1A7-kjLsOVk62y5E86qA_6_R3ZOgXu.jpeg,雨がしとしとと降る、景観が良い森の喫煙所
1wTckTd6EUbRLSOEQttpOL6y4pcLRm8Mj.jpeg,SFCメディアセンターに新しく設置された機械
1xF45NmHc_jBKphl6hStB6WvjoGpWe0aH.jpeg,2019年度の七夕祭にて打ち上げられた花火
1Ntg9TsSiOfLFjh70SajBn94CW0TKC7yG.jpeg,ここはメディアセンターという場所で、いわゆる図書館。
1Dnw0VGnXRGZ4HiODj_g9YAzjv20GcC4s.jpeg,こちらは福沢諭吉像です。慶応の創設者ですね。
1x83HoPJ5DOWfVb-e3cX1p-pqP4--Yk1r.jpeg,食堂のメニュー。全メニュー制覇したいですね。
1DwfEnw-3CxkcC8u2379oreypY1o2XtfS.jpeg,学内のコンビニ。とてもお世話になっております。
1EZKBKs-aAbyDi4unjTf1m3U57DZOLj1l.jpeg,学食を頼むところ。ここに来るとワクワクします。
1_JwBIoxjxD7oRrd0ysRhgC2qWLGQwiAu.jpeg,オープンスペース。学食を食べたり、勉強など用途はさまざま。
1OeCyHfYiWmMiIz-PbGa1K2y1dz7DRvRZ.jpeg,研究室の建物です。ここで仲間と研究に励みます。
1w304rvRlp9F8fKVAP4x4rDFW4o7zFYRt.jpeg,食堂の近くにある自販機。カップ麺もあります。
1OZo2J9xSCMI_n9fn879BbXGwWzT1Kcs2.jpeg,SFCの鴨池と芝生。自然豊かで広々したキャンパスです。
1cQBgtdyn1bpw9qJLryWP8QJV0gsVZAhD.jpeg,キャンパス内に入るための階段。立派な大階段です。
1vuNEe1AEJjVjx7G8dVnH1-G40PNJs1ac.jpeg,τ館はSFC内の右奥に位置し、大学院生が主に利用している。
1QDMK1BpehT_SAi_eR76j2htE1vSNOput.jpeg,デルタ館はSFC奥の中心に位置し、様々な研究室が存在する。
1SGIraY2rdRNxSzkw-EIMVXdZEE3971s7.jpeg,鴨池前の広場は、時間関係なく多くの生徒で賑わっている。
1vd8QOv3La58S8a_YSHkBvMG16WgPKJCt.jpeg,カフェテリア前から見える景色は、心を穏やかにさせてくれる。
1DCtmQjh-gwljxsk1xq_pFSocx18eiWnE.jpeg,Σ館に続く階段は、これから過ごす休みのひと時を彷彿とさせる。
1a4nV8aefESTYMYyW0hbPktRV0Md_PltY.jpeg,研究・教室棟が連なる景色は、講義への意識の切り替えになる。
1c_HZsVPTwHab12lK2ExTL3wez8SgvJhz.jpeg,体育館に繋がる道は、講義前後に活発的な学生で賑わっている。
1ZXMCFYDhP35qXfytR-0vob5MPqVjNPFl.jpeg,大学グラウンドはPEの陸上スポーツに利用されることが多い。
1MlSEgblcP8jhSlsew2a72aZ8-3ia0v6v.jpeg,クラブハウス棟は、サークルで使う道具などが保管されている。
1zRDPZZJekeVDi14Z6X2q_sGcQAIElYhL.jpeg,本館は、重要な書類の申請などで多くの学生に利用されている。
10DsVE9h9gUBZCuG4c0LapuzVrrdk4hWL.jpeg,曇った日の福沢諭吉の銅像、イオタとオミクロン館への通り道
1xfP2W9KRli0iFOw16rMbNLQ5bHAUeUqw.jpeg,サブウェイの屋上から見た、午後4時半の湘南台行きのバス列
1smR1G0Q4wMCxuEcWTvVMRWg7xCEuLhwc.jpeg,キャンパスの正門から見える夕日と青空の境目
1aAsTw0Otf2tFihp07XqCu_sa8-sPqFdn.jpeg,サブウェイの屋上から見た秋の晴れの日の鴨池
1B4CAwgtpn0Ej2DvKhljIrhH58kiIvxta.jpeg,生協の前のアウトドアスペースから見たお昼の鴨池
1s7xpFXTqpw62QAg0j7DF0isAsuCmC02M.jpeg,秋の晴れの日、透き通った空の元、タウ館へ行く通り道
1_AWSelYMJrlJIoa_KSHWDyBL2IoQxLem.jpeg,秋の晴れの日、透き通った空の元、タウ館へ行く通り道の左の木々
1IZrUkCDB_MnGaTppGnxibb69fIwyPEbW.jpeg,透き通った秋の空のもと、人が鴨池を眺める。
14kOwZPlCdni_Z8-7poZ0TwoF_pO40u9K.jpeg,正門から見える、月食の日の湘南台行きの長いバス列
1jUKdw3LHfl3Bo97NoSUqcU8y-dQhdQNv.jpeg,紅葉に染まり始めた、夏と秋の間に見れる鴨池の木
1GPVhDLw4AhuLn8K8f6-cmycbD-775mrJ.jpeg,本館前のバス停前から撮影したキャンパスの様子
1vRtbX94aqnvF6nYfhQwGAC4MJNBY3UgO.jpeg,デルタ館北側2Fの学生部屋の様子．非常に散らかっている．
10Tjg4ZSHtncVO_cR8UTdRjk_bXn1vtrg.jpeg,デルタ館で保護した子猫がキーボードの上に乗っている様子．
1wepXgHtncJ_Ei4TpP9Kn2nqTIBlUVOPK.jpeg,イオタ館の前に設置された Starlink を撮影したもの．
1XWq1y9i7gZH58D6rSuepiE8Wd4-EV5oD.jpeg,秋の鴨池を紅葉の下から撮影したもの．色づいた落ち葉とともに．
1tjXDbFk5hSHK7wTb-OHKXcN7QWfgDyzC.jpeg,鴨池から撮影したバス列．左端にはサブウェイが写っている．
1OpqdPiCvVkUZSDMXNTcqIYMiEmMhgycS.jpeg,鴨池の鴨たちを撮影した様子．十羽前後の鴨が水辺にいる．
1FggD2TNe_geFeegCh8Ow8qwduKWv0bvF.jpeg,サブウェイを撮影した様子．木と人の影も多く写り込んでいる．
1wbvtuwShwKOmYO3cfauQB9kNb27fyvcM.jpeg,紅葉した木と葉の落ちた木とイオタ館とオミクロン館．
19s8NJZje6aSCRgj2x5hPCLp9rhVss2Lj.jpeg,本館前のバス停から撮影した皆既月食の様子．
1MLYEN0xp-FaKm2k597fHwftd8qfxefSg.jpeg,デルタ館のNOC前からガラス越しに中を撮影。
1sRW135XcZ5uVvpgl8gFXzP1ENJWaHdQB.jpeg,イオタ館の廊下を17号室横の入口前から撮影。
1a1sYk4-cPxe4Zt0_8AGRH7Jb0bQoP4kK.jpeg,イオタ館17号室の後方入口と看板を撮影。
1mDe1idP6-EApbwldI7coUKqiNjp6j045.jpeg,イオタ館内に備え付けのプリンターを撮影。
1rCCJuEamkk0IuWRbUOG08KBBpYRe_C1J.jpeg,福利厚生棟前から当該建物の1階を撮影した。
1XJLOVHYZjnZzkPDvAOu8CfouNEHlHjWM.jpeg,福利厚生棟前の通路よりガリバー池を撮影。
14jrjmgt0zpS0TF-kjqIUvPi_3hF5JW_M.jpeg,メディアセンター外観を入口裏側より撮影。
1PFyCCav3FufoEpGLPLPijTJg16zwZQTe.jpeg,メディアセンター裏よりカッパ館外観を撮影。
10CKWB-LUbLu6jiSVw7TZF7aAJB-1xn5_.jpeg,正面入口より慶応大学本館前バス停を撮影。
1-nMQ0tUT85i3YtHLGJMZ7XeNnVcV-e0o.jpeg,夜のデルタ館正面バス停から北館を撮影した。
1TGKgqhFQTcxw97eyLRytFZBfsP_fXD9s.jpeg,キャンパス内にある池。鴨がいるので通称鴨池。
1ejbcU2mzAsRkQNQvZBl4DHAKtHlL95TH.jpeg,Ω館の教室の階段のような座席がいかにも大学らしい。
1DDXpaawSAKxBGw9iHDfMe5ZR625J_zUj.jpeg,慶應義塾大学のどのキャンパスにもある福沢先生の銅像。
1YTQz2o2UVt-hUMDWfBSBj2XhDzS1I-o5.jpeg,停車しているバスを見ると1日の授業を終えた達成感を感じる。
137bIq0XzeemCbfC0tzPMzcwW0m19IJ-K.jpeg,テアトロンが使われているところを1度も見たことがない。
1BBs4N-hynJ9KL5A3F5Ufb2kII3w6b_oq.jpeg,キャンパス内には複数の色鮮やかな木が植えられている。
13lEl0EqsIj5zca2miireX4sYQHEaxRcP.jpeg,分別できるゴミ箱があるのでSFCはポイ捨てが少ない。
1an09tfJativ9oSnnPdkkroj9JMt-5ZCb.jpeg,コロナ禍で空気を入れ替えるために冬でもついている。
1pyLSDvPGtgCTOmEeqo6kDkdEzwL7aSiF.jpeg,SFCにある建物はギリシャ文字で呼ばれている。
181jPxctZxJpJtK4Ppb0D5x_HIDzBDBqO.jpeg,コロナ禍で教室の入り口などあらゆる場所に設置されている。
1Iqrtz5ns1JESHtxadirplENkc2a7xscW.jpeg,メディアセンターの近くにある、ある日の福沢諭吉像
1-7oTfawxJLm7caqdETwgb3stySAhuqj0.jpeg,鮭丼とオクラを食堂の鴨池が見える席で食べる景色
1rxQwq-6b91mtjpgu1z6tnNcTy6MAwFmA.jpeg,入り口付近から見る夕暮れの綺麗なSFCの校舎
1FtCs4LYYFTeweJlqLYYLkI1-ucbP6AT4.jpeg,バス列に並んで来る時に見える鴨池とSFCの食堂
1rc_zvAjI5zVu_c9wxP6uDVu7iBb39bT7.jpeg,鴨池のふちに座っているときに見える綺麗な紅葉
15zCKsHvFWOvEsejJzFaaTEu_b07LltXg.jpeg,暗くなったあとのバス列から見るSFCの校舎と空
1vXmxEVpeHJdawfmmlguGan2fLx4UVNYC.jpeg,誰もいないSFCキャンパスの夜のメディアセンターの様子
1aOabxOfZZjVAvtmA006BTScj3IjjMRmQ.jpeg,教室から外を見たときの風景。メディアセンターが見える。
1FM9JYIuW1smqLMLob8MkyEPRA_--K5oN.jpeg,SFCの出口へ向かう道。七夕祭のため装飾されている。
13gc5UNiPnDWaybSheBVja9SzNUeM0zNw.jpeg,鴨池から鴨が一直線でSUBWAYの方へ歩いてくる様子
1tw5V9ir21knHax3xwSg28kdeXUXChoa0.jpeg,メディア３階から見たアルファ館と紅葉した木
1u0_au066ImK3VmlTOe6380LqKp2HHSLt.jpeg,sfc体育館前にある並んだベンチからの様子
1JMqjTKnAihQ95aYJ-Zl8JwWObac9dMmS.jpeg,sfcに作られた喫煙所の3年前のまだ建設途中の様子
1MBQNksRtI4dBGZ9rF0pfpTniBL_dj7Vn.jpeg,メディアセンターの横に置いてあるゴミ箱の写真
1ksE0_5PtndTxLElHfHS5mBD8V5gFW2Gh.jpeg,タウ館の屋上から見た紅葉した木々の景色の写真
1zKRiEqLZGRv2NraAjtSsqg4vX5qAAE3I.jpeg,アルファ館横にあるsfc唯一の赤いポスト
1YvwRDN0dk9P97z6GyzYl661Fl21wdPWT.jpeg,メディアセンター横にある少し汚れた机と椅子
1ZTPxq5N7s8GEIkYTSaIHvSTm69sfH7aq.jpeg,sfcからsbcに行く途中にある階段の写真
1S25NXaOUIGHAQkYT-k2Rydrfg3cTgsAG.jpeg,メディアセンターにあるFABセンターを外から撮った
1B-8_JP2V64qE1Zu7dy6ngJ8ve7_uHb7x.jpeg,普段行くことがほとんどないsfc体育館の裏
1vIqBHOhvYg8xGytBFKQ4NQySj7gywJOm.jpeg,慶應義塾大学の創設者である福沢諭吉先生の像
1eUDKoKBrdp0gIGioY_Cz1nanBexEIRVT.jpeg,教室が集まる箇所からアリーナ(体育館)へ向かう道
1e_gx_jHpAV2q6knuoV4tNL8TVkV5HD-U.jpeg,主に大学院生向けの授業が行われる施設であるτ
1houRf8hL0mfE7gUdWTbtAd9eaiazS8Nf.jpeg,主に工学系の村井研系列の研究室が使用している施設であるΔ
1A1XDHk2hej3krE6ZpWn0FLeVFr_sXbZU.jpeg,慶應義塾生活協同組合藤沢書籍購買部の正面写真
1NraJg8kJJ9J7t9HFEbQ7dFo3T0PdBS4v.jpeg,数種のかもが住み着いているガリバー池の写真
1Uaok7K6tkEgCcp88nub-dZEYoO05aagt.jpeg,κειοとメディアセンターの間に存在する謎のコンクリート柱
1q6Am8KA6v77nULc0csYuX0HdUW9wq72S.jpeg,書籍や撮影機材を借りることができるメディアセンター
1uqgTcrixzo_QYfcT259G7GGLmLsrlzpJ.jpeg,学祭の時だけ水が流れるキャンパスの正面玄関
1bNiqQy_pZMsm7gvdEBLTu2WUinp3yooo.jpeg,コロナ対策で検温を行なっているキャンパスの正面玄関
1Q3iKdE1Hf5nlbs_TaFMXcY2nJl4VbjzU.jpeg,協生館の真ん中に生えている枯れかけの謎の木
1HurTCKS6j1M2mV4LXUXf6VlMgFw3n6sq.jpeg,メディアセンターのなかの、机や椅子が並んでいるところ
1FWJfknFXqmEdnkYT3jUxOmx_f3mihj0J.jpeg,月がとても綺麗だったエントランスの階段のところ
1pOz3gvmNIdoTKRHxFh_yMm7quILCjjxL.jpeg,エントランスの近くの、広いところ、ベンチがたくさんある。
1ifr-CzcGbemCXIXXHXxIxJQ_m5sA0W-q.jpeg,かもいけの前の紅葉した木々。とても鮮やかな色で綺麗
1kcb4uUdRE6AKri2hjpwdOKcy5gjrY4_W.jpeg,協生館の前の坂をくだったところの紅葉。いろんな色がある
13pGeA8lcz5XxxnHVebTpd_K1nhOaLGGh.jpeg,我らが福沢諭吉先生像。慶應義塾のシンボル
1j4HI6QW5SloWTYBaHABqAUhrjAwc4Y1N.jpeg,エントランスから見えるとても綺麗な紅葉した木々
1UAWitB4KNOSAuNmTNND75lewQ-kx_dhA.jpeg,食堂から見える鴨池とその横に生えている紅葉した木
15qOUK53oxJFro7X4HPVOcPzf0s0smwPf.jpeg,夜にひかる綺麗なエントランスの階段。水が流れて欲しい
1z68Un6WupD9VnCUg-Lpb-TuvS-PiPZv6.jpeg,行きのバス停側の裏側にある木々の紅葉の様子とベンチ
1ISvMTzxSQltSQBJ3O9jHDdspFdxF4ezb.jpeg,横断歩道を挟んだ状態から撮影したSFCの全貌
16SBZl9VqsOLyeQffj9GUKOUSDcZUDbYX.jpeg,サブウェイの左側で撮影した鴨池と鴨たちの様子
1DqCcpgG2WYyv4y8mFRO5LceKsu-NPKPt.jpeg,オンライン授業のためあまり利用したことがないメディアセンター
1EkHyjZ6KLnE4V_obXXU5uJ_g8EygIAT2.jpeg,秋を感じる木々の間に一人で佇む福沢諭吉像
1WBlN4G53edvqg_xq2mNp8JLtG3ureCaO.jpeg,私の研究会が行われ、毎週通っているエプシロン館
1UJGApw2IJ4HdMNx100QdEozGLDee2f5g.jpeg,ベンチと学食やラウンジ、生協へと続く道の様子
1ucA4k5H9Se0mNFUPEMP1R9Bc-LkBMFzo.jpeg,各KEIO館における連絡通路の連鎖の様子
1RrruskHGg5dvLtqoeLjdBkwkHGPOAo1I.jpeg,体育館へと進む道とその途中にある駐車場の様子
1OcE1nn-aJdtWi9IDFsFAUjyfJXk0zIRR.jpeg,私が一度も入ったことがないタウ館の外観と紅葉
1AMuv8a7ah5FMfFgQ-fI_u6xn6OVsDR5c.jpeg,ここはSFC内でも屈指の立ち勉スポットです。
1rV02lzAU3NR1kg9zBxORcuvOiUPkRWax.jpeg,SFCのキャンパスは高さがない為、空をしっかり楽しめます。
1BkYWp31wVUpz_eTFC899s02TLxqflGbz.jpeg,友人と授業後の静まり返った鴨池で紅葉を見ます。
1rL6eHlrCmeUgpq1sAzayNWwtefSdG2M9.jpeg,Δ館の女子トイレに住んでいるマインドフレアーです。
1hP9523Jo8_hbVHUuIt4ZggfNFafcsgTM.jpeg,SFC内から異世界転生できそうな扉を見つけました。
1kh5v3g7CSXXlionN5LkYRK_P-wFCLdvb.jpeg,まるで吸い込まれそうなこれまた異世界転生できそうな廊下です。
13gZT1vcCHvmxKWKrmAZr-FJ_9YRA5hoo.jpeg,みんな大好き福沢諭吉大先生のギャルショットです。
1rdfW92rNWZ75k8J8ZK-s4y_3JljR2zVD.jpeg,ちょっとお洒落なΔ館女子トイレでのお昼前のセルフィーです。
18nIDhrVgHqUL_hKcTHJrMX1i_Sqy1cSg.jpeg,皆んな大好き某サンドイッチ屋で見つけた虹です。
1Ud6LSgX7hrTcguYFovGWjuE4mdl6GpNC.jpeg,研究に追われ、森の中へと消えてゆく友人です。
1diWagSmpQzAIMvl64Nx7G4ZEHLjH9VWX.jpeg,主に学校の事務に関する処理ができる建物である。
19xWxixBO3oFW2DfQcDfJhOknuThfkxDB.jpeg,それぞれの建物の間にある空間の写真である。
1_hxukm12kUgSSlh6SMF-zKb-VtBWEjLg.jpeg,お昼を、特に鴨池の斜面で食べると気持ちいいサブウェイ
17U4iw3hNC-KiJMQRSYESFFIYMfFJKjyX.jpeg,この場所を通ることで学校の始まりや終わりを感じるところ
1o1JKAO9ZOBHkuydT31F-Y1UJAVO8LDLv.jpeg,書籍の貸し借り、コピー機の使用、液晶画面の使用ができる。
1eh2KhWdiGBRwe2B4QFJVTlt8TqJx7_Zm.jpeg,昼食のみならず間食やおやつを食べるために必須。
1PCw0k4WTBDjfnkK1fv8EG_dGwM3zUduz.jpeg,安くお手軽にお昼を済ますことができる。おすすめはカレー。
1_iiVAQaq_5WYyc_OxNPaZNLDHfXnAfjG.jpeg,斜面でのんびりできたりオンライン授業を受けたりできる。
1krDtSGr4yTT1HjsHDujETSauciloQmgP.jpeg,教科書やその他文房具などを割引かれた値段で買える。
1bDygFafGzvFvWNlSOR442NVaW8WFVVMe.jpeg,バスが通る道、秋には紅葉が見られてとても綺麗である。
1ZAw5fftkeOYVGM7AGdhhcZid3zhNkyhq.jpeg,メディアセンターの横にある机と椅子の集合体。
1OpNDggC67l9Ky0aht8xvTYVvfnHw0d1F.jpeg,メディアセンターの横にある、福沢諭吉先生のスタチュー。
1rr4vFv-4UPXUb_iE0ZYIIzG_tht7x1VE.jpeg,福沢諭吉先生のスタチューを照らす神々しいライト。
16nzlu9hpr-vZ7bGy4X78StAj4labmli2.jpeg,メディアセンター前の謎の施設。おそらくスタジオ。
1cTZ98C-ZFnpomqr3k_4JRwk5Hib2SOKw.jpeg,どーんとそびえるメディアセンター。中は宝の山。
1rR25nCETQpf1Bds7Zgsn8REG6hyGHMbH.jpeg,メディアセンターの前のゴミ箱。ゴミを捨てるところである。
1cxbzZd85HHeIi50X2p9vB1rdNcJLsSTy.jpeg,キャンパスに入ってすぐの広間からとった写真。少し暗い。
1vfoEDTrd5y_l8kEVfOjH4Z2EtlAgekBL.jpeg,入場ゲートに設置されている立て看板。ポツンと一つ。
1JXDLRkEHwxKJ7mQfrH4qIV7by27X6IqT.jpeg,湘南台行きのバスからの眺め。乗降口を撮ったもの。
1_B_mtuiekJHkA5pfzuk2fQHJnGmG0Pdv.jpeg,キャンパスに入ってすぐの広間に立つ、神々しいランプ。
1sVbja9nsgm7yY3BmjHsdoMVD0DlRrOjM.jpeg,バスで間違えて降りた際、中高の方から撮ったSFCです。
1ivt-7RyYp80PLQSxGkc2R3gJjKFE7TYc.jpeg,鴨池で優雅に泳ぐ鴨たちです。かわいいですね。
1Gt8t6pDZLR3feU5m5WNJ_Gaq2UDVle2D.jpeg,バスの中から見たSFCです。道路と緑が綺麗ですね。
1IlCimaOwpO5kbRTnR6cMWLmUZbc4l5gV.jpeg,コンビニや生協がある方向から見た、Κ館です。
1Qt_g4DRlwMYzV_WUtedVSMkC5d1iQF91.jpeg,コンビニへと繋がる階段です。ダンジョンみたいです。
1WeHu0SuilYqlvMRbKg4SsqUrv_6qCzxI.jpeg,バス停があるあたりから撮った、盛れてるSFCです。
1TlRjsqzR0D9MBTaVvUAWWVdqzI0ItQ-r.jpeg,夜にメディアセンターの中から撮ったメディアセンター入口です。
1mVQQYgdpnrewXVZgd-1mkaOHVr0iRRM_.jpeg,メディアセンター3階の本たちです。たくさんあります。
1jWOx1sQtPApxG6O_oEnWQtlnODpoSS7C.jpeg,ギザギザしている？角度のメディアセンターです。
1U89XUL8S5FK7kiad-dlizsz2IVlg6J-y.jpeg,三角州みたいな形の、無駄に広がった階段です。
1Qi2CvdlNRtfvtc6cOEKa9rb3Fa63xJBm.jpeg,晴れている日の鴨池を水面近くから撮った写真
1qFzJV4NqEcXIUY_BN_T8faRtw1GdaU52.jpeg,建設中の学生寮をキャンパス側から撮った写真
1kOdd-7segr5wAu3N__OS2NPyWmgPNeQu.jpeg,カッパ館にあるベランダから空を撮った写真
1EydJ59Xb0LPU_PML4DrAJPchIsPrh0-y.jpeg,キャンパスの入り口階段の上から空を撮った写真
1400NKCogustKRAeroy3--kfL71fo_WgZ.jpeg,食堂側の通路から鴨池とその周りを撮った写真
1VYqH_TtP2JkkzDHpklRM7i4RJyfJ9ORL.jpeg,鴨池に浮かぶカモ2匹を拡大して撮った写真
1HwXtkDxPkaWNyR7iS0pdUdTHCd1SomUJ.jpeg,晴れている日の駐輪場からキャンパスにかけての並木通り
1oBaPHyACNAz5GCkmMMI1o443LNt2Bo9_.jpeg,夕方のキャンパスをバス通りの歩道から撮った写真
1r2O-yqq9S1_2TSXPGEdBtaTrYRfZFQ4U.jpeg,晴れた昼のキャンパスをバス通りの歩道から撮った写真
1aVw6YGpJ0YihYBNBlXrsEtyNu49W1CbZ.jpeg,メディアセンターとΩ館の間で人が集まっている様子を撮った写真
1KIc8UrNfMgmrAzKriSsxGnI7UESiy3VB.jpeg,シータ館。600人を収容出来る多目的ホールがある。
1PxP59z1lvVcty62pSsXsBzfs0snLaVVR.jpeg,メディアセンターから見たアルファ館。本館。
15bbYmgCOOzU5pKHqeuS3V3qS0P0zCKV8.jpeg,オミクロン館と、その手前にある中庭。芝生が生えている。
1jKgOCbcf_m9x4mZzGcgaQ3GhIxAKfciF.jpeg,ミュー館。メディアセンター。3Dプリンタなども完備している。
1kJP4sU1AuSMelTgCbkvcHy3XK9jw8NBo.jpeg,メディアセンターから続く通路。毎日多くの学生が通る。
1W_Ijm1NeLLbRzNmbZRqM1sx_mGfq77pT.jpeg,鴨池横にあるサブウェイ。テイクアウトからのピクニックが人気。
1dhg-xNChYnfIq9Td3bc048-5US3xPYyJ.jpeg,鴨池の手前にある芝生。学生が座って授業を受けていたりする。
1qpxsUb1HO86-yxpNllLB-vetQJmXS8bP.jpeg,中庭とその奥の建物の間にあるスロープ。階段もある。
1vaYJoO0M_2LAaBwbM2oF7RamL9VyJpdT.jpeg,中庭にある福沢諭吉像。慶應義塾の創立者。
1U0P8DPtdgWue0IqgBoJc1oZ4O9wpuZtH.jpeg,鴨池。臭いことがあるが鴨がたくさんいて可愛い。
1MgBiUkBpNGckRTakX7gYtWgUCEZ8b1Lu.jpeg,sfcから見上げた空を横切るF/A-18戦闘機
1BjgjP8R9NidMCJk_KOqzhKwQaO5n2PjL.jpeg,カッパ館の入り口から撮った鴨池方面の写真
1ZXYEux3X2LeoEhSgz73gAT9n-ub8pV0b.jpeg,湘南藤沢キャンパスのアルファ館内にある事務
1-4_WKZD_kbrszK4pM5nAsYudsQ6YNgC-.jpeg,湘南藤沢キャンパスのアルファ館前にある金属製のベンチ
15piCLfoy7lG49SnBvDxOnqsm_5FEKt8I.jpeg,湘南藤沢キャンパスのアルファ館の少し奥にあるθ館
1silUJn1M8u1oPoqBOH-ErE2wxXswV65a.jpeg,τ館は大学院生たちの勉強スペースとして利用されている
1AOLC89gDAkPKsI6Tky65u381zp66rcwd.jpeg,デルタ館の北側で村井研究会や大きなサーバーなどがある
1t42MCRuAIoA_vwgjHvsQOrDqB4kDAE1V.jpeg,デルタ館北と対照的な構造であるが主に教授の部屋が多い
19ZT8lONKSCH78pgqNvnSnL5RnPckwQ-6.jpeg,イプシロン館の裏に存在する用途不明なもの
1lGNrpYI3ckmShEzBc5bngDGUXWOoKBiW.jpeg,湘南藤沢キャンパスの生協、午前11時から6時間開いている
1zU6-KIPChvKKBqCaw7DgndAR1q3FwIe8.jpeg,メディア館2階で混みすぎず、快適に勉強ができる
1MWMju86XWNR3lUrHDpiAx_bxXBYCYrpq.jpeg,湘南藤沢キャンパス内にあるサブウェイ、夜は空いている
1CTBW6rgl9Ih7wiwsC_uZ8LO-VbLuTeya.jpeg,福沢諭吉先生の像。いつも凛々しく学生たちを見守っている。
1DB8OID66s3HawxQ6Lm7Vt1Wy83HyyZLp.jpeg,SFCの数少ない食事のレパートリーを増やすローソン。
1tm282vOYd2GdIHmVBKYfq4PQ3VQZKGUu.jpeg,鴨池急行のバス停。あまり使っている人を見たことがない。
1byHnf0btAfXIWVnmXBRWzH-aAp5FZaAE.jpeg,カスケード、外部から人が来る時などに水が流れる。
1ouJSVpRaVEmUo5-ZM31RsYt9c2YIZBDT.jpeg,メディアセンターの出入り口の屋根は隙間が多い。
1S8Oo4AivVUehKtQQ5CHGsswE_Grzolyp.jpeg,外の鴨池でサブウェイを食べている人を最近あまり見かけない。
1DMJJVxLqoqyYrQTYwhQ0R2F442lMK614.jpeg,メディアセンターの出口ゲート、夏休みが終わったらできていた。
1NCtb4UjHGyAIkek9Em1HvtDI4JIHqxnh.jpeg,生協食堂、昼頃の休み時間になると行列ができる。
1xtGIVS9HSU_1wSsmFBI8j4owiX8BY5DW.jpeg,生協前の看板、だいぶ前から折れていたらしい。
1V0SfYpQUg4qjIoVW6wf7tDlBuiNhzRgc.jpeg,鴨池、人がよく集まっている。秋を感じることができる。
1-G8roOdrqSs4WqrpDKKkzBYrWX7m9xS3.jpeg,メディアセンター前に設置してあるゴミ箱3つ
1DI-y5OxMStYGPEuS3vFSzsicu78hRfO8.jpeg,カッパ館前の広場に設置してある謎のオブジェ
1SEgbS12fevqK3xFOf_OZkwUQDPCF2tvp.jpeg,メディアセンター横にある、福沢諭吉先生の像
19NvDEPBKVsTYvgtebKd-MA6oYeV8D9AO.jpeg,SFCから本館前のバス停を見下ろした風景
1Ea0YC7D0zZNw3it_t81_aWnDScCPYnTB.jpeg,サブウェイと鴨池付近が紅葉で色付いている風景
1UOIEdh7o5_QCISTcSXULBk79YrYEoqEl.jpeg,SFC敷地内の緑地に生えている雑草（三つ葉）
1BmJRzSQbfnFLNrJPBTkHtEs_FO7IPptC.jpeg,慶應のペンマークが描かれたマンホールの蓋
1tuz4NEPDD5xOHCiB7EinVN1wW9-3QuNz.jpeg,SFC発、辻堂行きの帰りのバス車内（無人）
1nAQ_Qif35XGkBWQZKc44AcgWziOSGFLE.jpeg,鴨居側から眺めた時のメディアセンターの外観
1fnlJeX4fQq-GtW3DeBE61ERfZrvsSI-u.jpeg,SFC本館前のバス停を降りた際に見える正面玄関
1TWAcYBSm5AoGCPdFTZPyzXZBknjQDcjm.jpeg,自然に囲まれた中に存在するτ館　周りの木々がもはや森に見える
1lP2eYjUghV8dy0wcA8ChQhr06Qo7xAYX.jpeg,秋の木と一緒に写るΩ館　紅葉の赤と建物の白がよく似合っている
1vU1ZTl94PzZ8jFkOwUP2cs6klG8Xuzh4.jpeg,夜でも光が絶えずに開いているメディアセンター
1bLica8XmPe5PcU2whdWV1lT4ftKUtTkJ.jpeg,k e i oという名前の順番で並んでいて遊び心を感じる
1-8gXGhrR1_9kSOfipZamb8ckPOkO2tVb.jpeg,太陽の明かりが反射して輝いている鴨池　色が緑
1yWLwUPQW_Lg8ZA2fYE2_t6fdcgJtiWn2.jpeg,夜の鴨池手前の部分　一番自然を感じ取れる
1gRx_DfuqaXnHbgtTyACmW61HN66oTHFj.jpeg,入口の階段部分　夜は足元が見えるように光っている。
1u_9Q3Df3dK1zXRzw316bBKhcqDKBoUxV.jpeg,優雅に泳いでいる鴨たちの集団　鴨池の名前の由来
184LqifCgEnAR1BNclEHiKeW574yfpI7B.jpeg,検問前のカスケード　この日は珍しく水が張っていた
1ZfaMBMQeUYLo2ErNN_X2PTnJ3QmLzqr9.jpeg,鴨池前の大きな木　この木の下で寝転がれる
1nl4Qupx2ytwdhNcfbUJfv-bPh2AkONGF.jpeg,エントランス階段から見上げた、夜のsfc。
1yLI71g3yfQiGcMRwUmkfUf3TqA3yp1yz.jpeg,6限終わりにバス停へと急ぐ際に撮影した、夜のエントランス。
15vipGfY1otoOeF-f2-5oN8tee5NAiQBY.jpeg,夜の福澤諭吉像。18時過ぎにコンビニへ向かった際の写真。
1Zp8GaRin215Sk7cIRiV6Wk75zo6nOxXL.jpeg,Subwayの上にある自販機から撮影した写真。
1LJQoVVCNobClvnIXI7n-oj9Lg3qyrsco.jpeg,秋のSubwayと鴨池。木々の紅葉が美しい。
1RKvZkIAPQVJeZVL6YRqHq12Ev1mVAAGH.jpeg,メディアセンターの外壁から撮影した。窓の構造が綺麗である。
1XivVNqgsWuUwwn8kPCOrgiktNNGckSbT.jpeg,メディアセンターの入り口から撮影した写真。
10b_LF2FyMIaTBa07AlDbYPdnILVT2rjj.jpeg,入り口ゲートをキャンパス内から撮影した。
17vWWx6J6z_7OyG-lrEBYx1FprYb43Yhh.jpeg,秋のキャンパス。青空と紅葉の対比が美しい。
18HAYTfH1kKXDLlUDHRRMLLDOoHG3ggdn.jpeg,メディアセンターの2階から撮影した。紅葉が綺麗だ。
1LDgIW9MfrHXsGy3ANh2-1PMUn69wIDSP.jpeg,昼間のガリバー池を大学側から撮ったもの。
1iPiWNfpKuUgi3Gge3jeTUMxRGqxGo1uv.jpeg,Ω館を芝生側から撮ったもの。落ち葉もたくさん。
1776f-NXsQtk0Q6RFFM-b9n7UE3XlwIYn.jpeg,ガリバー池のほとりにいたカラス。ぽつんと一匹。
1RKZSSfLzx-L5Gc9pYXKl_LBfo4iElu08.jpeg,木に隠れたΩ館。ガリバー池のほとりの全体が見える。
1uPXsnazpIBwOqeKnAQFP67PaR7ZIwnA5.jpeg,福沢諭吉像。周りの木の葉っぱは落ちきってしまっている。
1IriiajJcIA_kF1zXfuHE22SM1HcASBL5.jpeg,ε館の看板。夕方なので電灯がつき始めている。
1ACvSlAA3jKnJQdDNrXA9eZNPYqf0MEn6.jpeg,夜のキャンパス。葉がない木からは禍々しさも感じる。
1r5-kKcM-ThHmR9TJ1f9epdk7bxm4CyUo.jpeg,夜のキャンパス。すでに真っ暗なので、建物から光が目立つ。
1gtPoiVJysSUgiBA6P_92fuy9sPEbuYXc.jpeg,入口側からのΩ館。時刻は日が傾き始めている夕方。
1KCk8T0EdMPTYfR5Sf9BvHQ1-far2uO8z.jpeg,ガリバー池のほとりの木。まだ青々としていた葉がたくさんある。
14vFyRnRqS1NRPxihm32bO-z_Rywh4tRU.jpeg,シータ館での去年の環境情報学の授業風景。
1JijhCMoiOk_KY4lZAWyHGDjGAkCx4ddM.jpeg,まだステイホームだった頃の人のいないSFC。
1x5Kl7Mhp2Bd_LY66IUw4oL2G6vqRUupM.jpeg,サブウェイで軽食のポテトとドリンクを食べた時の写真。
1sQ_zgHqMCI91TXrResEuOwn-gD_WX_zE.jpeg,去年の秋祭の夜の風景。メインステージを撮影。
1KI2rrgSNXoBSkHxJt9512p6wzsVLIs9g.jpeg,秋のSFCの紅葉の様子。学食前から撮影。
185lThehvAewcxM_KaU27CT77B9S6q044.jpeg,レディーバードカフェのカレーを撮ったもの。
1QfWcifgHHL9Owp5FP2HWBJp6kTIqjKdW.jpeg,夜バス列に向かって歩いていたら鴨がいた様子。
1LGFLHFO5W-i7o_epp-pPPP__tFxuSedQ.jpeg,サブウェイ横を歩いていたら鴨が逃げていった様子。
1_GLB2GgSyGaRArnLHOnerCw3GSXKZXZu.jpeg,めずらしくカスケードに水が流れていた今年の夏の写真。
1PGMt8nrcz9tNbw-EivFnTn5n6cTCvIdY.jpeg,今年の七夕祭の様子。大階段から撮影したもの。
1IRymBgfry_AdE2BhAjX8enRFfZ-9QkLK.jpeg,グラウンド。アルティメットやサッカーを体育でやった。
1o5ZgKp08O7PNo17qTHi9u2XXrtXLNIqe.jpeg,体育館。アリーナ以外にジムや柔道場もある。
1QPzhxuWIMewQPcRKp821sQ_GLEVrKaWC.jpeg,タウ館。大学院生が使っており、普段行くことはない
11hoDIuLXwwTmuAPbG5GaDIP6Pr0txpzA.jpeg,福沢諭吉の像。4月は記念撮影する人が多い
1n_QvCAOPmqC-E9Pr9wUbgLbl0tZsUIWu.jpeg,生協。文房具や本、PCを売っている。買い物をしたことはない。
1Ufj9elIXbGDe3Z8dCmu8-Coc7WSNrxnM.jpeg,ローソン。狭いため商品が少ない。セルフレジを使う人が多い
11RCt766Wg2I3yWhSiFZoM_lqAsqX3N__.jpeg,カモ池。カモが多いが、虫も多い。特に夏は羽虫が多い
1YsC2gqylZAru1Ofzt4O-aTh72vDFjq9y.jpeg,サブウェイ。パン系の店なので食堂とは客を食い合わない
1YyDEi7wX79D82Z6NhJhTIY7P9ohXA48q.jpeg,メディアセンター。図書館だけでなく、3Dプリンターなどもある
1VptEDuxIOiH7wEd4y49nguv-QprXmHwu.jpeg,バス停。湘南台行きに長蛇の列になる、中もギュウギュウ
1S2cLoxZDCM3Jhfb-WMDUSfW9o3ft5xqe.jpeg,秋の土、偉人と対話、握りしめ、踏み出す一歩、若き血燃ゆる
1ybmZBy7ld9sxrQnKRTkB60zYMfVlUqaj.jpeg,バスが心地いいのか自転車は休みの日も放置されている。
1M0OuJORPSlYmlR7UST0N6TH9xt8aXSGk.jpeg,自然に囲まれたキャンパスのみ出会える蜘蛛さん。
1A0KrxRgKcX-zVXE-pufJdfmBWZa7sE-N.jpeg,SFCを走る自動運転テスト車「SoKanKan」
1ERWgo7o_-07KohbU_1BXPmLU_QykLS01.jpeg,癒される、授業終わりの帰り道、散りける紅葉、時雨が洗う
1eF1RWbVFHbxy0dzfiisc0-dbfCCXmApZ.jpeg,秋高し、偉人と対話、握りしめ、踏み出す一歩、若き血燃ゆる
15WX7JucY14XCbAUBFPhz3GA4GwZgvt7z.jpeg,我をみよ 声高らかに 鰯雲　くだって漸く 大人の階段
16TP5LZxz5E-YjJWKcTDcmIQvOKJGTgn6.jpeg,亡く心 消えぬ望みにし天の川 今日より明日を 明日より今日を
1rmVVRyysbWk9YESJU-zkSHfpQrLBJone.jpeg,言い終わった 4年の集い身にしむ秋 時は止まらむこの世のι
1HK8L3fqn9SLhF6UTg9Z1cdMnycIIszf8.jpeg,焼帛か 天の下には 教祖さま 今在らんことこそ 事実なりけり
1D2jyjW956n5HWBUZkPg0i1Rm1baXX3dr.jpeg,等間隔に配置されている木を見ることができる場所
1eSnfSmWIvnwPAvOnKP8JC7yCqexkUX4U.jpeg,バス列でそれなりの人が並んでる時に見れる
1s47rJFgsVPPbxxng7YqmjWov2ZxHmjeU.jpeg,本当にここは大学の敷地内なのかと疑う場所
1_Ntmb0M6VsagiS_mUNziJVObV4mnbAqn.jpeg,カモる人たちの中で風除けか背もたれとして使われるオブジェ
1YKJK1ttxCvtjNUrU9ZMc4QnvrJAvkOoU.jpeg,作業や課題人がどのくらいいるのか目に見えてわかる場所
1no5473hpzY_AJlrqbvYquXiw4kkJGSem.jpeg,SFC内で屋上にいる気分を気軽に味わいたい時に行く場所
1KzMZf1DW0YaIkElrXZGv0i9K7BAkmQl2.jpeg,昼の時間帯になると急に使用者が増える階段入り口
14ZiY8hxbw_ONYqOst4hkbma76sCgp-26.jpeg,春夏秋冬さまざまな木々が左右のビルの間から見ることができる
1DqWrq1mVqlyJvJgec9FTyZXtCF9GSauq.jpeg,遠目から見たらシンメトリーのように見える建物
1NVn6ffHDOYJ7EzkGLGe-8lwfWCPpFElx.jpeg,福沢諭吉先生の顔を隅々まで見れるくらい間近で見れる像
1GhCqieOc6QhZD9u6n6TxI2NoslsBKr6y.jpeg,七夕祭当日に撮影したアルファ館とアルファ館前入口
166Kn3Xlq3ABTfeNDLz3f_pYTT5zeSoIp.jpeg,真夏の晴天の日に撮影した青々とした芝生と鴨池
1y0eP3ZaJUopt4sGKQsmunBut03duimgV.jpeg,2021年のコロナ禍真っ只中に撮影をしたオメガ館内部
1GhtITG0xHQfZQ6huD034VlJcjk5Xof58.jpeg,曇り空の日に1人で撮影を行った福沢諭吉先生像
11hf2BJJCWGkAeJj-De-yKy_cioNXctpK.jpeg,慶應義塾大学本館前のバス停から撮影をしたオメガ館
1xeEPsc-GYVUhf-GB29cOJiSEq3SDU8Mn.jpeg,外から撮影したメディアセンター内にあるファブスペース
1qq1gdvj2YaGNY_8rC0z2HJL2eM0RAThX.jpeg,2021年11月8日、月と金星が接近した日のカッパ館と夜空
1MePP0qQt3DMvbyW9_2-ArG_MhvYe4N6a.jpeg,6限後に授業をやり切った気分で撮影したオミクロン館教室入口
1iYcwJ-1R10mQSFUf5qr6wBrxpR1zsIpM.jpeg,外から撮影を行ったメディアセンターの全体図
1k-ZJT5pVucB3fc-rXPgygz6b6_sojNHh.jpeg,七夕祭当日に撮影をした水が流れているカスケード
1HoNw4-VzqQLjQZAFdAuRDvs7puZxvlVG.jpeg,SFCのメディアセンター。夜でも学生がいます。
1rdstySJoUSC9lkxEVCx1-xB1AZWKDSum.jpeg,カッパ館。夜は昼と違い、学生はあまりいません。
1SU4Z-9EcVoqX1hkxA78Re6SqgD3lU1V7.jpeg,オメガ館。個人的にはSFCと言われて想像する建物。
1YEct_Dmg-9Poih9v6eLut0v6NAgY8WDV.jpeg,初夏の朝5時半ごろ撮影。さすがに誰もいません。
170AwctnocWyP5uztu2ZdVJ6lLj4DDMET.jpeg,ゼータ館。バイク駐輪場の近くなのでよく通る。
1itUQfFrFaA-L9uKSbuMHeLrRpMfq0Oav.jpeg,駐輪場。撮影した日は、かなり台数が少なめだった。
11ee9zpqY2tY8nVx43FQEaGNyAVf12uXY.jpeg,鴨池。寒い日だと晴れていても鴨池の周りに学生がいない。
1MNdHYiF-ZCeDp8Gm6qLpoBjAw6_1ZTZp.jpeg,メディアとカッパ館の間にある木。木の葉が落ちてしまっている。
1hHint2iMoSlbKSCsivE3E-K4132PrJKR.jpeg,鴨池と木。この木周辺はよく学生が集まる人気スポット。
1HjCKG17o4ipnmzHSr_5NTa8Sw9vzul-n.jpeg,賑わっている日の駐輪場。様々なバイクが停められている。
1g35tQFZjfVwCSk6CKmacE_QUP-E6oc-s.jpeg,SFCの夜の写真、夜遅いのに、活動が絶える気配がありません。
1oVDEtcaN91r30vFvHFOk95Gy2er3hYrj.jpeg,先ほどと同じ風景ですが、雰囲気が少し違います。
1si0lGhvVj4hp9GnDFbjPKSwCwfV-IbhB.jpeg,このとまれ看板は、SFC特有のものです。
1CVjDrXWI29CFRnpzMQOW0nvM3y76ldHZ.jpeg,おや？ちょうどカマキリが挨拶してきました。
1CS82SKwpp4lOMlsRQFLvfEfqBdOQ6L0D.jpeg,実はSFCにも猿が生息していたりして、、、
1j-ncKjbI4eS9mjS4mxHn-Vl1XAR4Kp3A.jpeg,これ、どうにかならないものですかね、、、。
1dABCobFiO7XXKbw6CR5wDgZfcQ0YlXOH.jpeg,かつてのSFCを体現しているのでしょうか。
1sp4MoJvfJZ8VgGUeDTngzCJCLr4G4tD6.jpeg,星野リゾートの割には安いですね、、、泊まってみようかな？
1nk0bcHGlDZKWJscgbR-3HucZYSI14jvf.jpeg,よくここに座って授業を受けることが多いです。
1JyUNlYJ5Qjd9NsSCeHDdR7iBEJ87BYQ8.jpeg,湘南台のブラッティームーン、とてもきれいでした。
17oBoGmI4YzI77pKpc37uLqThvVcVniTo.png,元ロック研究会の部室です。ドラムとか写ってます
1U1KP7AMUQwOcX_N_UWgT2_1acBL-gl3O.png,メディアセンターの写真。活気が戻ってきました
1lvwajuQZ0kNIETtj9Rt9ywc_BoZYe_kT.png,校舎目の前の横断歩道です。いい天気ですね
1e_-FO6CZMPDUuATHQG5AvsoEs7Ior5CX.png,鴨池前の芝生。寝っ転がって取りました。いい天気
1G8jqwwan4G35kLLPoxZBuiWTkchvSdUn.png,ロックバンドで使っている部屋です。賑やかでいい場所
1H1EWzPrOTk0flktP5v-negcIZcrAgriG.jpeg,多くの生徒が並んでいる、湘南台駅行きのバスのバス停
1DJTqdCZMlQMRQR1xJs9Gcdf6xulhKjQc.jpeg,教室の右側から撮影された、Ω11教室内の写真
17q2jcHdc0W8LfVkzTdrl5W6x69FD-e4S.jpeg,エントランス付近にある水が流れていないカスケード
1va593QSDP5O6EBFYy99Wenau9DUBy0hG.jpeg,鴨池近くの中庭から撮影されたメディアセンター及び紅葉
1rUKNB_P9dw730FmSOHgrZxgtlp8oihWz.jpeg,キャンパスの奥にある大学院生用のτ館の外観
1NSITXdw1JODbnMTiqj6Vt39b6Zjtn0pp.jpeg,授業及び研究室に使われるι館後方の建物の外観
1RS6-znKdQiqi9RSpcFH0Uf_OBjL4iVUx.jpeg,メディアセンターの後ろの外観及び福沢諭吉像
1IMUgkBmDFnv2zLDSlq-MJBZ0BdNaO4S_.jpeg,大学院授業及び研究室で使われるΔ館の外観
103yF2ePhLs6p_dtLQFk3wJYxah6C98PB.jpeg,生協食堂側から見た鴨池・ガリバー池の全貌
1o0SE6pONcuvg4K8-QJ0ZYatE-9qmxYdR.jpeg,北側から撮影したκ、ε、ι、οの各館の背面からの外観
1hMwkWbpko9QowFumuRs8erri8ByEvYP5.jpeg,鴨池と呼ばれ、日中はSFC生の憩いの場となっている。
1ADffM1kdSadKtdB0PX6BD8dC1M5Kuokt.jpeg,授業で使用される教科書や免許合宿の説明書類などが置いてある。
1bnluuNOzCVMi8giO19FX1ekJIH7Rhjob.jpeg,SFC内に存在するコンビニで、無人販売機が利用されている。
1Ijn_pEvhVR5g1jQm9SRJJmBY9cFa5zAV.jpeg,自習や食事を行う場所で、椅子の座り心地が良い。
15_hqwDo_PIip9vhOTOtifBae-ozZKs5j.jpeg,インターネットに関係する設備が多数存在する。
145X28aXOK-84iwITj4XN7F6nTpTy1-uy.jpeg,研究会棟であり、多くの学生がここで研究に精を出している。
1HRQUVRpOwCmPiBvtjr9HPJ8bHw2rnAGw.jpeg,体育館で、体育の授業や運動系のサークルが行われている。
1uS3p05Os-Oalf3En6XbOxwgLseJuSht8.jpeg,データセンターと呼ばれ、自習室として最高の環境が揃っている。
1lFtND9izAS7BmJN7SdWaG8kQoGWT1K7U.jpeg,大人数の授業を行う際に使用される教室専門の場所。
1bjr6IPdnVKmkVVe9kH_OYe9uycAOIebe.jpeg,各種申請書の申請や事務室への連絡を行う際に利用する。
1Qfv0um0oLf1EwbU-qG3vTVtXeEwTj5pM.jpeg,鴨池です。2階のテラスから撮った写真です。
1n5f-X57nGTBTAifApxBvh7T7jtKY6xdX.jpeg,食堂の前にある中庭です。階段の上から撮りました。
1aR_DJ7uXQyL4v9HlL4BSyi_SYk43huDn.jpeg,SFC内にあるローソンです。近未来な見た目がそそります。
1pkAe0XqGv38NwoxG-fjettaElSzOEqpp.jpeg,オミクロンの授業棟です。夜になると温かい光を放ちます。
1W808OsSB6gw0O52wQBjtQ3cyD7snZfbv.jpeg,福沢諭吉の胸像です。SFCも慶応だと感じることが出来ます。
1t0gEVH63sMhSwoOU3qbhy3qYJ776ZrwW.jpeg,メディアセンターを中庭から撮った写真です。
12kWE88I3gwCWduJXBUDHUQVL3MIRpYwx.jpeg,イオタ館とオミクロン棟の間にある中庭です。
1RyTaXt6XmZUROqoR9_HyvR1lhWSWHOW2.jpeg,Ψ館とφ館です。名前が似ててややこしいです。
1uUNx6-p4IkHUwRdTqr4sGkUwT1OddPoR.jpeg,SFCグラウンドです。体育の時に使ったりします。
1niA6q5KAzxlxJeQyjBBJhOL4Jqe8RSO4.jpeg,体育館です。かなり横長です。研究棟の近くから撮影しました。
1gwXdkBmI3huX_1SdMTvZHRuk-LeEbV-B.jpeg,キャンパスの前にあるバス停で、多くの学生が利用している。
1i9dc_WM7w7J1dKLYN3nhyTM0ZOXRKEU8.jpeg,慶應義塾大学の創設者である福沢諭吉の像である。
1i_JQkpfaKDfPYyp3qP-g7Ero1Qgv-qSD.jpeg,音響、撮影スタジオでは学生の芸術活動に役立っている。
1GN7lND8qb75myMDhG-qMoJjJuxC3TzYd.jpeg,メディアセンターでは本やDVDを借りることができる。
1UpX9JjxUVRu22V9pm0h916wTcpJz2Xv8.jpeg,多くの学生がお腹を満たすためsubwayに足を運ぶ。
1dEImL3nq_86Yt25zStdld97pBamjW-Xh.jpeg,カフェテリアでは、学食を食べる学生の列ができる。
1j-aldvl1DKMKjnwwwLfp47U-Vrj23BjL.jpeg,校内唯一のコンビニであり、休み時間には多くの学生が訪れる。
19qcIR1GHKUaxZDWCyHmLI99XFZOtI29W.jpeg,体育館の中には筋トレスペースも確保されている。
1LJNCwW3GDr2sQmQtKRJ0GoxPd-p7VYPJ.jpeg,校内に2箇所ある喫煙所の内の一つで学生によって作られた。
1VndG-RqpkwZHOmpiEMZZTigqrJxcpwDr.jpeg,カフェテリアの前にある池で鴨や鯉を観察することができる。
1RGWuUBeuQ_adpDW5g3u3xTgPWBpQwMKF.jpeg,キャンパス入り口階段前の紅葉した木々と快晴の空
1xs0oyXApwgbx4J7VLKc7EPWiKf1Mmpv1.jpeg,キャンパス入り口階段の上から見たバス停付近の紅葉した木々
1ns8g3IYZbdaiLsSRzt_XAKYLr8u1VWhD.jpeg,４限開始時にΩ館の窓から見える青空と木々
1UP39Lh79VdbjCo4PYJOB0v2UgPhbBvwn.jpeg,２限終わりのk館を出てすぐ、生協近くの自然と青空
1e3wXHXyrstCOUENq8D-fVHGO-RIfAOEd.jpeg,葉の落ちきってしまった寂しい木々と晴れ渡る青空
1mdgJvv_beZ8vP3_e5lD_WKgBUyKCwP9c.jpeg,木陰から見える鴨池ときれいなオレンジの木
1VQxhG2hZ3McyOEz-Hp26zzcD3Fdo3Vjv.jpeg,生協食堂を出た道から見る鴨池周りの落ち葉と木々
18M7lWEmA0r7TCzH111OpwcL3oZ5FYcrc.jpeg,生協前から見る晴れわたる真っ青な空と大きな木
1EF59ylObhPFscba65wBqPclreBKfzHdX.jpeg,スロープに移る葉が落ちてしまった細い木々の影
1zfw89MZ3iV13sseRatYbCi6ZLTv1z23G.jpeg,夜のキャンパスから見るやや雲に隠れた満月
1uJUP5r7WtEHga8AV8q9xXTV5POFqwjQF.jpeg,食堂の食べ物を注文してもらうところの写真
1RDA0Hsi0PiB93OeOnErvDfYkrkt0uGRj.jpeg,お昼ご飯とかおやつ、飲み物を買うときに使うローソン
1dXDzDNwwFX9v9ZZA2yMF0zQLiSiTv3uI.jpeg,食堂の前のメニューのところで、食べるもの考えてワクワクする
1PnGzaCLKdMOKQNip4NcYdCTMZ9cbyI_-.jpeg,ラムダ館の下の階のスペースで、トイレ行きやすい
1i95TvXemy8hxorDRm9YXa2KdiMVLT2Gq.jpeg,鴨池前の木で、毎回その周りで授業受けてる
1n6s7yAogPe6LH_qb7SNkQRZIkTgPvVoU.jpeg,メディアセンターにいっつもいて、居心地がいい
1nvc9_BR1nya3g3GxQ7ALCCew9MlYJU64.jpeg,サブウェイの上で、昼飯食べながら授業受けてる
1uLK-GFmdjdrEmKnJvPrk0cpoITiDPor-.jpeg,鴨池で鴨があそんでる姿を眺めているのが好き
1UXl5Y8drICg0DYabtCO-wc-gfHlhGgnb.jpeg,ラムダ館前のベンチで時々ご飯食べるのが好きです
1wYQZ5UxlOkruwao6NezwQIE5gf8rZ37I.jpeg,バス待つときに、景色見ながらベンチに座ってます
1JydlfuvXVYQp_UYWo-_oyl-5zI7ueLBj.jpeg,鴨が生息する鴨池。SFCのシンボル的な場所。
1YwgMvVmf74nqu6ByUVbSAwd62ZfJkojo.jpeg,食堂の入り口。毎日多くの人がいるイメージ。
1i1o485l5OmG8f62GAp0Vwhhd5H0WcXEC.jpeg,メディアセンター。多くの本があり、レポート作成などに使う
1qeGIyt09C9d6kCrG1kMitrk1N11thZhq.jpeg,体育館。とても大きく、体育の授業やサークルでよく使う。
17eB3674smpAqu1-xGCfVFRLBlANHUz6K.jpeg,LAWSONの入口。いつも人がとても多い。
1HpMvUUAdO_tDmBsy8vz5k9FndpQUzyQ5.jpeg,オメガ館。大きい教室があり、大人数の授業などで使う。
1m0iaaoVNAEccUxUCqlwSWcoN2PVdulDI.jpeg,大学生協。頻繁には使わないが、教科書を買ったりする。
1xz03orCuuBPAu8RNA34BrLezJksMvPMu.jpeg,鴨池ラウンジ。オンライン授業や自習の人など多くの人がいる。
19WqL6UIe2breLaMp6clYC3FwsOUvA-w2.jpeg,デルタ館。研究会で使われインターネット設備が整っている。
1a6-UVzl188MO543x6yX8YB84ZYd10wpQ.jpeg,事務室。忘れ物やわからないルールなど何かあったら事務室へ
1zn7G2hq7Z7Hu4weeiupuhGqkGYn-zAl8.jpeg,θ館。中には32面のディスプレイがある。
1GHkjeV81Xj8t8DthSf79pqsonwnRehM-.jpeg,α館の前にあるベンチ。とても座りにくい形状。
1KYfqzP-vaRgla3uOxRZlflsjA8Tuc9aM.jpeg,メディアセンター。いっぱい本が置いてある。
1DwisW_ebDX1DAB10fNCKSVFrv13rDqxP.jpeg,SUBWAYの看板。裏には自販機が隠されている。
1CYNJpIWo9w65nyAQCw-Lv1bNeHdg8C8M.jpeg,鴨池。天気がいいと座って授業を受けている人がいる。
11IqFH0N52buMJYrzxfTp8hGo-zzwYDIh.jpeg,LAWSON。昼休みには激混みのため買い物不可能。
1m8AZyx43nQeO904u71AGHVr44MHYMcTF.jpeg,諭吉像。見慣れるとありがたみが薄れてくる。
146O9prFY5NrfKlnjlIxDevy2kPn1gAnT.jpeg,森の喫煙所。どこかの研究所が設置した喫煙所。
1laM7GCNr0oplsn32wzH8lh5eyukG8ryk.jpeg,Ω館。大人数の授業を行うための教室が入っている。
16pT-hQp1aGQo9TrWr9_rEGq5Mbml-31M.jpeg,バス停。朝は多くの学生が早足で教室へと向かう。
1KQRWFMd9Iv_ya2pX6imx09WhnM0DQwZG.jpeg,ここはSFCのバスを並んでいるところ。撮る場所は階段です。
1LZi6c3qMjO0pBfD4fzen-2tyR0WKz5VK.jpeg,ここはオメガ館です。よく数学の授業で使われている。
1TzIFKg5vZ05QOF5X7cf_gQ22xGr_ArW9.jpeg,これは鴨池の鴨たちです。春、夏の時によく見られている。
1PxV6XTupdW1483HsYFih5EEXWvoTv-s5.jpeg,これは今年の学園祭の看板です。とても普通に見えそうだけど。
1bidBBhF-a6Wto21__APXPV6GBMoJJ-l-.jpeg,これは特設ゲートです。コロナ前にはないもの。
11ZVvBut3d51mVSRq9i_bcAIOBiXGrDyn.jpeg,これはSFCの一番大きい木、秋が来る前のバージョンです。
1yQFwl7mqbRDlg5t3bKg2v3vKiK5CZdgb.jpeg,これは鴨池です。鴨はいないバージョンです。
1vNdzroq1-vM_Rv5GaOWHW_RYyUAyN4Wy.jpeg,ここはKEIO館から出たすぐのところ、夜はとても静かです。
1pwRuM0I9vDmeO_6-5A14Gbr-1o_NgiY-.jpeg,ここは研究室棟、コンピュータサイエンスの研究がここにある。
11qb7jRvy2lfZ8DoRyzm26Yspe0tGDx34.jpeg,ここは鴨池近くの通りで、ここに沿ったらローソンまで行けます。
1XfjZ2y2RnkbBjuu3sCtRmW8h1BKT3U2R.jpeg,慶應義塾大学湘南藤沢キャンパスメディア入口
1c9i5oixZrkRJVcu89tQKOBSG-vo8OnAo.jpeg,湘南藤沢キャンパスメディアを出た入り口からみたι館
1XrS5PxIPOcCwXbvrZE4S_q5zhqiipJ2Z.jpeg,湘南藤沢キャンパス横から見た福沢諭吉像とο館
1ytetNhsPRncXlroX5jaU-5o9btF24a_h.jpeg,慶應義塾大学湘南藤沢キャンパスのλ館と福沢諭吉像
1PAfZrOEpvkrtHWU8LgkQGB38I5Vf0pvv.jpeg,慶應義塾大学湘南藤沢キャンパス前から見た福沢諭吉像
1-KQxCifwa2RnLEIYSXTUfFM3Qu0uuqvV.jpeg,慶應義塾大学湘南藤沢キャンパスサブウェイ
1rpjkE6JumVt_EYDXtOfWsx3M7wMNM5oL.jpeg,慶應義塾大学湘南藤沢キャンパス、かもいけ
1LWLyBsxfnv8oSXelmtOiPJw_NCPtXDGv.jpeg,中庭にある冬の葉っぱが落ちてしまった木と若枝
1RiTeZOA45az4mkoXQsH34G7ZVPiCibtY.jpeg,メディアセンターを出てすぐにある椅子と机
1LLQFiMK2WZc-BEOc-ujj_amuWIKDnV9U.jpeg,いつもは歩かない場所にある紅葉と電柱と車
1_4bKZzNRwOPD6QrkOM3X2Q7rKz6nHNld.jpeg,SFCの校門前の並木道です。秋になると紅葉が綺麗です。
1Mi0bwKZiG6wHce8V40GcKbsoVw1lIK8l.jpeg,SFCの校門前にあるバス停の時刻表です。
1cTOY-tY_9LcEK2lKoP0Pd6RK709Z14iQ.jpeg,SFCの醍醐味は、やっぱりこの鴨池です。
1hjbtBtjwXS0Wo3V_NtnOKzcvd_5NYAsc.jpeg,SFCの構内には、この様な茂みが多く存在します。
1V2DoEIISN0vvbhoqF6VrJ-3Ni9eJmt9E.jpeg,Γ館内で、ツリークライミングが行われた様です。
1kx5lFhmwbvuLrkWCJ3-L0TJ3mxtYmcnn.jpeg,Γ館（体育館）の横には駐車場があります。
1TnWgp09n6OFdIc0IRhbDjbVMU4PDPKY1.jpeg,メディアセンター前には広い空間があります。
1V0lw1HLvf9sVbnHowY2AtaziZttno_zG.jpeg,構内の建物はどれも無機質で、冷たさを感じます。
1X_pFBDqmPth7kgn9m7kONde2bS7Z3ZuV.jpeg,Ω館の大講義室前には大きなガラス張りの壁があります。
12fdNkrY5j7nEL5vL3fkvRSS-gEdPccDf.jpeg,校門の前には、長くて広い階段があります。
1kAnDBfSSWo2cyu5JWQBXMxnIinVzxR4u.jpeg,βドーム。青い空とよく生え、坂茂先生の設計。
1ejgOeyvoJwBRjiNZQdch1BzEchXeKzZC.jpeg,βドーム。夕暮れより少し前で雲がほんの少し赤らんでいる。
1_xoXM9s0yWpAb5XaxnyftjXqf3oaUab9.jpeg,秋に映える鱗雲とかも池のほとり。芝生に枯れ葉が沢山。
12b4kGeW0_bmRSckSmio18Q2NG2LjpVHy.jpeg,11月中旬に帰る途中、パステルっぽい紅葉。
1bRwIzdxhFSrCoy4Ys40os4YW-vwMqNpj.jpeg,秋学期のキャンパス内。芝生の上に枯れ葉が敷き詰められている。
1LWITW4InGVMUwLaCy6-ZxQP_PbV2ALOk.jpeg,池を泳いでいた蛇を追跡し激写したもの。排水溝の中。
16K4-0vnWGcTMYKOqlpVxZUwX4vTxQibE.jpeg,七夕祭の帰り道にほのかに明るい夏を感じさせる提灯。
1Vvvp2Pw4LnAKMS0IChX7XH6UX7S_z88x.jpeg,ある秋学期のバス停からの夕暮れ時の写真。
19Z3PsKFjlOgtCrikFRLREQxU9Z1h990L.jpeg,入学初めのころのキャンパス内の印象的な樹木。
13-MEnWdda7mFKuJpB_4qjTBqWJXtJUl9.jpeg,βパビリオン、元々移動が可能なように作られている。
1pUIUg7BlFeHPWxy0JPmsGbHVdzTxDt5u.jpeg,シータ館の舞台上。写真には写りきらない客席が広がっている
1Jkhm0l00lwdKo_IKO6XJPPJM99ZimNF3.jpeg,SFC校舎はだいたいこのような形。基本図形が多い。
17zFDtQpqqXxlg9Tr_QQA7DBFGy7A5NiU.jpeg,SFC特有の水路には水が流れておらず階段と見分けがつかない。
1H0Ena0djAr7FJeG9G-G_d9HSCxd6cYj4.jpeg,正面入り口から見た風景。ガラス張りの校舎が映える。
1vctWnerazuPhTtI3h6oRAVGLMc8cB40v.jpeg,謎のオブジェが道端に存在している。恐らく誰かの作品だろう。
1aPdONEf7LzWqNMjAnGxO4OIoZXRvuP9r.jpeg,ガラス張りの一階とシャッターが降りている2階が対比的。
1DScv2rNy5vsp9TRr8hoi7orf1PhdrgSb.jpeg,SFC名物、鴨池。夕暮れ時は夕日が湖に映えている。
1ul_PIOEQzy5W0SJsNXtUQpHQ8Vv1G9Vw.jpeg,SFCの正面入り口にある水路。現在はあまり使われていない。
1VJiCTO1z7rfxXxt0jXmf4n4VlYQDAoAF.jpeg,SFC校舎内の一角。無機質な白い壁のことが多い。
1Hu1STmiUF_zquShUnHC3SsRWRcMRDhHm.jpeg,校舎から離れた位置にひっそりと存在しているベータドーム。
1Q0I_nXzM8c0AeYCjrIaEeIAW9nL7peoI.jpeg,鴨池前の原っぱの写真です。紅葉が綺麗です。
1Vf6ud8I7mXt9jnkNf5uxXCLaptxHAPvB.jpeg,正面入り口前の写真です。そうかんかんも写っています。
16znodHEPqkoIoW0ngOGPa3RvcVKoCgNK.jpeg,紅葉の写真です。この時期はとても綺麗な色です。
12MjHuJkZnqoN60oV8PIN78R-2_hhIjoK.jpeg,デルタ館前の写真です。いろいろなコンピュータ機材があります。
1lekHwosuiV7ttIzgnJVVHyiAeswkfKvm.jpeg,デルタ館の中央です。ちょっとした空間があります。
1c20Yq518rcgj7P983ipsdbGMMx1gzO1p.jpeg,タウ館です。全面ガラス張りで、大学院が入っています。
1jud4rSLHE9PdOtNC4KLorZZfdpkKxggj.jpeg,体育館です。体育は予約がなかなか取れません。
1iQqPgMCqHlWbtY7ZOo8aSs0PhmgDFZSr.jpeg,そうかんかんです。最近自動運転を始めたらしいです。
1d232QLhSXtcYsaRQg3MHqeyyk754xTZ1.jpeg,未来創造塾の建設予定地です。現在まさに工事中です。
15iHCGe_D5030k0qFbaVOE5JIi4Wj9XX3.jpeg,貯水池です。大雨が降った後に一時的に貯めるバッファです。
1sLGKWw6m6SUz1AvSkHYgsx9dyZ4sZtdV.jpeg,イワシ雲や黄色かかった葉っぱが良く映えるSFC
1VX6QwVlpCHOXB9jv2xYkGE15-ccIdM_D.jpeg,雲一つない透き通った秋の空、青い空と黄色の葉っぱ
1rV-o1JKAeR2d0Ndg21MrJ1DE7kB5k6CB.jpeg,青い空に散りゆく紅葉はSFCの秋の風景だなあ
1YwGd6WEZ6PWCbVo6vYDyUi1r3RHqwI8_.jpeg,自然の中にたたずむ近未来的なキャンパスはSFCの魅力
1W90b1NG3CdpssizC2BPSabKs_0aekMPG.jpeg,我らが福沢先生も自然豊かな場所で休まれている
1dM9IHcOc6gm6lREsrkudy0oAevPG32E8.jpeg,キャンパスと枯れた木々の見事な融合がSFCの魅力
1fqnKQecH1y7dvmWZ1YBusZSKk3yYzeMB.jpeg,暗い本棚にはSFCの知力と歴史が刻まれている。
1le21qdOEOR14tCcz4gkT3GBNnE0Uf-Jt.jpeg,太陽の光がさんさんと差し込む秋のキャンパス
189SpYvziSGltEKNRa99izQrdAnK4Tjw7.jpeg,夏と秋の境目を表している風景、こんな風景もSFCだけ
1LuDNT_U_8LOEy-rQsm-VqHt486C0yitM.jpeg,この椅子に座りながら紅葉を見ておにぎりを食べたいなあ
1kF1Bmt3v_gREbyFU_anm6yvr36O7WwnD.jpeg,食堂付近から見える鴨池付近の紅葉した木々
1-hvQ0ofnQ_CZeFpqDnogK9nzrozSvFjy.jpeg,Γ(ガンマ)館:体育館の入り口の中央と通路
1NOwnILeb_yJcFjhF_NG8bc8TPTIZmGUI.jpeg,Γ(ガンマ)館:体育館横の大学グラウンドとベンチ
1TuCgOGmqZQN-UlO_Mg5eK4g_2JB6wFvf.jpeg,Γ(ガンマ)館:体育館入り口前の水道蛇口
1ezBUVGeGi_6wbJrJLY2Z9p9PG64PMhGc.jpeg,Γ(ガンマ)館:体育館玄関の注意事項に関する張り紙
1AD1Px7Da5BH97ePJnBRxMymUGAAYyxXP.jpeg,Γ(ガンマ)館:体育館 玄関横のアナログ時計
1G99p6HwPbfrmBq3dI-J8YRCU8qDUpzs_.jpeg,Γ(ガンマ)館:体育館 玄関横の燃えないゴミ用ごみ箱
1g0gmc-lSTdcPPWkRc4nqXPDUWN6tS-j3.jpeg,ι(イオタ)館：研究・教室棟 缶・瓶用ごみ箱
1z5XccR_KGo9gQKKh2Kw5RdEb6hXsVnfD.jpeg,ι(イオタ)館：研究・教室棟のベンチと注意書き
1iXTNuxmJfJngZZJd0guuS14S-wzmabZ7.jpeg,ι(イオタ)館：研究・教室棟 1階の階段
1cuXVthXyhUjiXw_Ey5a9HU8b521MMcyb.jpeg,普段は水が流れていないが特別な日には水が流れる段差
1vfLwM6uv33h2buanyE9dasODuuSThmFZ.jpeg,画像サイズが大きすぎて圧縮したらピンボケしたテラス
19-0_M0TXXYhT2NhYBeZYn_xjyTdWjYpe.jpeg,六限終わりあまり人がいないキャンパス正門
1u1P2FCmniEDmHq8_QgrTDb2DsCzQbdx1.jpeg,朝とは違う雰囲気を醸し出す夜中の福沢諭吉像
1Vj-CA-1ljjT4lON2oijZ_ah-wZeEwNOw.jpeg,なんとも言えないSFCの鴨池付近の風景画
10eXtihuCfn-eg1582FocANQOE05rS6X3.jpeg,sfcキャンパスのどこかわからない校舎の写真
1cKaCh0Ml_9Dzt5lQAcu8LtHKmTq1wP3e.jpeg,写真を撮るためだけに立ち寄った生協の写真
1GdY_Bsoy8fHv3sY1nvQ-KFa84MLqezA7.jpeg,六限終わりの人気の少ない静かなキャンパスの風景写真
15I89xpKcpCpS0eCdU1r3-mFYwNBkqQ9L.jpeg,天気のあまり良くない日に撮影した鴨池の写真
169YBN9HkEQxuD-68NWOoxshiJQR91fn7.jpeg,この時間帯はあまり人のいない夜中のメディアセンター
10ES7wQW1N_GzoeszKe6J8VdV_DixdPw6.jpeg,木々の中に建てられた喫煙所。木材建築で居心地が良さそう。
10lMvEc9Mzyjrf1X5aAyO9qjuj7kK-Xon.jpeg,体育館の前に位置する駐車場。毎日多くの車が駐車されている。
1-CAuvHz1G5aRj4CgQ0_OCOnPQawg0n1_.jpeg,駐輪場から、キャンパスにかける歩道。木々が生い茂る。
1h1Flq5-1_azFLZF3gFByKdk8B8tw41oB.jpeg,本館前のバス乗り場付近でこの季節限定で見られる紅葉。
19ag2gPU0CqsT8wQIxhKdSKCgzmdIgGVc.jpeg,キャンパスからは少し外れた場所にある駐輪場。
1nNTZiP1xVljhDg1PkKtSzDnKkNB_VAKY.jpeg,キャンパス東方に新たに建設されている建物。
103hjYXW6pQbz6A7efdNBtA5nbJKsehMk.jpeg,ジムを完備するSFC最大の体育館。通称アリーナ。
1OL5HNgu5A8dKehhCYlgqCJ8nGR5cRaMC.jpeg,体育館横に併設されている運動グラウンド。
1c2N722hF-2lbiZo_s9awG6hgl70XETSW.jpeg,キャンパス東方に位置するλ館内。言語の授業が多い。
1kbqEGabEKPvQ0HVoUPgpMZWmPOJG55V6.jpeg,"o館の外観。左からk,e,i,oと並んでいる。"
12qYbIdNVGMeqR0dY6sEZva_7PXPly2A3.jpeg,イプシロン館2階の階段横、ベンチスペース
1lH4GgxgzGfuWaqQ_beoiQgc2d8ofqmsU.jpeg,イプシロン館入り口から中庭と鴨池の方面を撮影
1qCiTC3A2ZkymOMaxR3XpN10YueCr799L.jpeg,メディアセンター2階、階段上がってすぐの本棚
1nw25KvhK3M8LSqVRXeU0ZjGZYH2shWu2.jpeg,福沢諭吉像近くのテーブルと椅子が並んでいるスペース
1RR9v0AFSmviTVlVYG38JtZFqYmExnaHr.jpeg,ミュー館とシータ館との間の通路、正面にアルファ館
1X2yzpOqwB_EdIzmzXBAhwGThpGOY7HUM.jpeg,メディアセンター2階奥、男子トイレ前の写真
1RcA1FFuM-GblKFhhNYG4HSIKZCESUa4Z.jpeg,キャンパス内部からのアルファ館の写真、ベンチを添えて
1ydqxIQ0Dbb3drh5UeYJO_Et4fKvm5Ih9.jpeg,アルファ館横の検温所、キャンパスから出る時の視点で
1P8XLfRwaUs3Ba5Wzg5YkkxqMPl-P7FjA.jpeg,キャンパス出入り口の階段、夕方の帰り道の光景
1If5Bh1jGCHrxtslXvhSRqu-jEmHz_8vs.jpeg,キャンパス前のバス停、今日はあまり人が並んでいない
1TDgGGg-HfJYpvFtnCH2gyUUbVEoBIKHc.png,バス停エリアの写真です。時間帯によってはとても混みます。
1FprU3S9hRbHEeYWEEppOVv0GD1AFBIwG.png,鴨池の写真です。鴨が池で泳いでいる時があります。
1AcAYtGF8JlIMYg_5AN8H6FXvgMQVulFp.png,オメガ館の写真です。大きな教室が集まっています。
1DJTBZm-InfIBxQfQsCyMK_0EXkwwo3ZB.png,メディアセンターの写真です。３Dプリンターや本があります。
1V8wtoLIVR1b-KixyWlbmbJ3FJ-CwbcAT.png,福沢諭吉像です。SFCにも銅像があります。
1sRailFQvi9iyvflQ6zpe5r-wr9ECOxLc.png,食堂のメニューの写真です。いろいろな種類があります。
1jBHgpO_PsFO2OS1hvmbcWMAYFKmqvkSA.png,上の食堂のメニューです。下の食堂と料理が違います。
1_2AXOxGyc8FyT_WtszUvCxYe9DKECppe.png,サブウェイの写真です。食堂以外にもサブウェイが入っています。
1Dy516lxkMKi2Xm9YVqkVgGtk-fqxtJGS.png,エントランスの写真です。主にここが入り口となります。
1wczybZlJollz9I-hBpoNhNkHb3f1PerZ.png,中高のエントランスの写真です。すぐ隣にあります。
1r0sJeqDSxMidL0T4EV3Wcn9HRTbHLcxe.jpeg,建造物として美しさと実用性を兼ね備えているオメガ館
1GqDazK9CT5_WlhqMxhRc1pe5J3YCvVsO.jpeg,大学入学後初めての講義を受け大学らしさを感じたシータ館
1rVvRPoEFNiYHHh-cdm5jQHi0kTNMI6oR.jpeg,いつ見ても小学校入学時の事を思い出させて頂ける福沢大先生像
1GU0W90msQzDEsz14zc6FAfZfu65bjtMh.jpeg,いまだに学期始め迷うことがあるkeio館
1B654p9tDJfRWxWO2NboSgOmLHQLitpUQ.jpeg,コロナが流行る前友人たちとGWを夜遅くまでしたメディア
1ov5eqDtwrv41zIWhrbeoVT5nKrg1XKpT.jpeg,仕切りで区切られみんなで集まる場所じゃなくなってしまった学食
1oORlNTLtWk0Jrd0LNju-iwhnYoHxk2xU.jpeg,この季節ならバス列も並んで待つのも楽しい
1pJuzW46KiQIyr_8tUasGoUaTQlXHXO_U.jpeg,いつきても鴨ばかりいる鴨池だけど思い出もたくさんある
10Tpp-z6mS5iuhLek2RBQYpEx7a-Alh7g.jpeg,sfcでランチを食べるとしたらやっぱりサブウェイ
1zJ5hT0aMpmdUEFo4gRpmtCqD2EcLxVzj.jpeg,空コマに友人たちと筋トレをしたトレーニングルームのベンチ台
1FeXpH7whfNZBq40k8hhbltFesCDrivQ6.jpeg,検温を行う臨時特設ゲートに設置されていた注意書き看板
1A7Usm65HICcXgnic7AZGk4qs0kzIrHmn.jpeg,全授業がオンライン実施で人気がないメディセンター前
1-yEcb30eWc4qLpA10Z1SExNpzxD7La1Y.jpeg,メディセンターで自由に使用できる3Dプリンター
1ykTV7LCjhgQpw_OqtBUlFfEmf4aFIHZd.jpeg,コロナ禍前で活気のあったサークルの新歓ビラ
1PH7coXKtmp_V1rfgiiAW4GshMFU0wH2u.jpeg,アルコール消毒液を渇望している猫の置き物
1rvM1XRPuFt2Ecwj7jUhuP5-xQ-bo8820.jpeg,キャンパス内鴨池前で飛行練習中のドローン
1Gv7MFbg94w2PI68zuvbGY7Oskhd5yq4X.jpeg,メディセンターで自由に使用できる定価約70万円のモニター
19uxLloFgTxsN7BSj6Ov4mu03xUAGsytV.jpeg,休講によって誰も来ていないκ館2階の教室
1xFF6cHrGaxpAFw9ZSewSOjlTY1ghn8P8.jpeg,テアトロン上空にてドローンで撮影したSFCと富士山
1Xlyti6Gsc5IGfnyIihQAbxmy7IZH-ZrG.jpeg,鴨池のほとりで撮影した木陰で休んでいる鴨の家族
1PK8sX4TutGP8ED7HgT9sKa2scMqCsoGK.jpeg,午後、生徒たちが昼休みに鴨池の前で時間を過ごしている。
1k1-X6raxheLAe7aHlaCk1IJ7yNqZbKwI.jpeg,コンクリートの建物と赤く染まった紅葉が対比される。
1DCihuMNqzJN73Rl1D3O04NxbCUQbr0NS.jpeg,授業が終わった生徒たちがバスに乗るために歩いている。
19ZCXs6E0dOc1PMEKxAlBf-F3VHYPuwZQ.jpeg,デルタ管の前の木が朝日を浴びて輝いている。
1vUPlH2PSiHfSyWr6YEOiSFSXyaI9MOBu.jpeg,七夕祭の期間中、灯りが通学路を美しく照らしている。
1knVlpaJH7f6ccZEPNCQaQwhKh0ZvfJGj.jpeg,キャンパスにスケージが設置され、公演が準備されている。
1OI9lRntPRFx8MuEIusWDf6_u0_3WjnK_.jpeg,通学路の桜の木にきれいな花がぱあっと咲いた。
1SvEmXavRIhmBJK4CkIaK-8Cny0qbeKs-.jpeg,キャンパスに設置されたステージの公演を学生たちが見ている。
1mY604LVGWfYzpi3SUg50csTFkyCuUvhm.jpeg,建物の屋上から見下ろしたキャンパスは木々で覆われている。
1SEL2A7dvQxembideHDCfMXAtRxopQNBl.jpeg,太陽がキャンパスの建物にわたって美しい光景がはためいている。
15GJAYNwjzL54szUhNrYtGDopgtkT2gxV.jpeg,メディアセンターの側にあるテーブルとベンチ
1GiBI65PuV0CKQE2OKt0MCJXEIziQ4DZE.jpeg,メディアセンターとkeio館の間の中庭にある福沢諭吉像
1Ms8m_d0_lRglKUl8PrA3trEezkg2_cFZ.jpeg,θ館をメディアセンター側から撮影した写真
14xJt9Fo8v7jTHwvhUnVvupXhypIgBDXm.jpeg,λ館をメディアセンター側から撮影した写真
1Q9R2jQuL0fsdf3CrAv0zYKZAva6KTL0x.jpeg,体育館とλ館の間に点在する街灯の一つの写真
1rG7ig5ZybqviC2MzLcjIBRuTI67r2FNg.jpeg,体育館とλ館の間の道路の側にある横断歩道を示す標識
1tE_e8J0HQ4RGWqPR3ssuV70HBWFQZcFf.jpeg,keio館の奥に位置する大学院棟（τ館）
1GL_hPRReJUrcOVMryAZWFW0N_O25upAi.jpeg,keio館のうち、手前からο館、ε館、κ館
1zt4KTWaFULXjlAmAgme6RhjdQoueoRpV.jpeg,鴨池とメディアセンターの間にある2つのオブジェクト
1Y0gN7ATWzK4of68c19gemQPDFGXvxoID.jpeg,生協の前の柱に貼られている学生食堂の案内
1agF4Aiqen56Lx_pyl-NoZSKNvXH-8ztG.jpeg,キャンパスの正面入口にある芝生。雨が降った後が特に綺麗。
1T4LJXKyovJqT2jCFzaORepMWKjdoka6K.jpeg,正面階段。人の歩幅に合わないのは馬に合わせたからだとか
11MkUQdR8ZF3QHJlufjH1fwJ6AfGEu6cC.jpeg,同じ館の2階同士を渡ることができる廊下。
1ZL5xcGqtKGW_BAZVVdhGXsPql_AleiB6.jpeg,キャンパス内にある木。この木が一番程よく太い感じがして好き
1S9xxZL7wbRqmaupnSyi54RUtzQxdaDJl.jpeg,ユニバーサルデザインでもある階段とスロープの併設。
13ru5PAKIt_gDc3jdHYYTl15Nr5ZRIpLj.jpeg,有名な鴨池。本当に鴨がいるのを知った時は驚いた
1zCye_aXB52EfEmI_A8CIM-7EtVMMUNK9.jpeg,よく利用するサブウェイ。店員さんが優しい
1d_7QKVl3hRtuIoGIGeHL-IiLVu4QtYJL.jpeg,キャンパスまでの街路樹。夜にはSSSが起きて葉が綺麗。
1rbqMg63wUXLOEghjbS0nbRemdeXqhiZf.jpeg,sfcのメリット。秋には紅葉の移り変わりが見れる
1wJoPYaDxzQElKPak6e77f63DHNLO3N9a.jpeg,メディアセンター。いざ使って見ると資料等が豊富で便利
1vf_y87pkQFVzZQYAv3ITlrRKxmwHVU0h.jpeg,Σ館地下一階の食堂横にあるローソンの入り口
1-1GRV2ADNIfY8C3Pb5PsjfTT71FtrX5U.jpeg,SFCのから北門前のバスロータリーへ進む道
1C08LKYMUyf5t7rN5sKsbhCoMwnB9IYJ8.jpeg,メディアセンター入り口にある認証用のゲート
1OGxx9G0JTJFIdCJvHTai6jHSopxXlqjI.jpeg,Ω館の中央の空間をメディアセンター側から見た写真
1M7xzGr85NeDswF-SLpF5qg01D21SgJ3N.jpeg,Σ館地下一階の食道前のスロープから見た鴨池
1HhRfseyGijjIRVdOXXxpjz0C3rgT5XCW.jpeg,Ι館の教室棟と教室棟に間の道から食堂方面を撮った写真
1OP8FJh5PkVXnwhNqeRXsmjPVF64mhSFl.jpeg,慶應大学本館前バス停からSFCの正門を見た写真
1Tm93MAKdOAXNSwcWWWdJjWfR8ZbL9kqi.jpeg,サブウェイの横にある丘の上から見た鴨池の写真
1az4Fw20yd0IfMbClAeCvQYq-Wa7rOqK1.jpeg,慶應大学本館前バス停の向かいにあるオブジェ
1n7fCCahHp8JuW3MUXMkIwNv_Hru6b3Ba.jpeg,体育館前の階段から大学グラウンドを見た写真
1Lc3hHsPmm7eCIgb61sRJExm2LV1jG9-j.jpeg,2021年に撮影した看護学部校舎の外観。
13y15x0Ph3C015_RQRXUW61-9zNy_L365.jpeg,メディアセンター内にある撮影スタジオの写真
1fmLa55kFJdj9Eq2o_oThf0uFyKgyAOA2.jpeg,秋頃に撮影した、駐輪場付近の写真。紅葉。
1lWz6K2j2m7KEwB8CEyQAjXuRTyrx-IHm.jpeg,秋頃に撮影した鴨池の写真。紅葉している。
1y6NNJMv4TWYjGSdFZU8WQobMwk4xJIFn.jpeg,夏頃に撮影したので緑が茂っている。駐輪場付近の写真。
1MZPJUV3ajSVTlT3GnyL5Cm_YMHEjdl_n.jpeg,オメガ館の写真。授業中なので明かりがついている。
1el86WWOzsyJhQAL-pIwjmXCa0eJoTemQ.jpeg,SFC大階段前に落ちていたメガネの写真。
11-pMelvCoI0Z5pTkvTGsdjWnodIrchz6.jpeg,鴨池ラウンジで撮影した写真。夏なので扇風機が写っている。
1Q63VvGu9kJ8w7x_GOD_fq0NJ0VNOd2EX.jpeg,七夕祭で設置されたステージの上から撮った写真。
1qLO1Hu_Q66ZjWo0aky_r0VmVBbMedBfF.jpeg,デルタ棟(Δ棟)。ガラス張りになっているのが綺麗。
1It9gHS-MznAdylU7kbcXF_k2wOgxEDek.jpeg,タウ館(τ館)。研究や授業に使われる建物。
1qdhDG_SzEbZTcHJPDiiQ_L7PHfbexDaa.jpeg,アリーナ。体育館や柔道場などがあり、体育の授業で使われる。
1tj797JiDotgrB6EB94Hge_HtTlxqAhP2.jpeg,森の喫煙所。木々の中の喫煙所で、タバコを吸う学生たちが集う。
1WCOJ7G_W6LH4_Ek6wjK50bQ9u0PoXX0B.jpeg,福沢諭吉像。慶應義塾の創立者である福沢諭吉の銅像。
1JeURkNSCiQX96Hf5mscZnGo5sZai52IS.jpeg,鴨池。鴨が多く生息する池で、学生たちの憩いの場。
1ux2mBfc47YSZvFlYtFwMsqORClWMmwFl.jpeg,アルファ館(α館)。本館に入って最初に現れる建物。
1kKIrJTirgAPwMYvsRrdfZ9uZrl69nyng.jpeg,シータ館(θ館)。形が特徴的な建物。大学の講義等で使われる。
12K8OKrM6msatZq9PIqT90D1Te-ASNzcW.jpeg,SUBWAYの入っている建物。鴨池の前に位置する。
1hJF3vTnq1GsUEtHQtoua1G77HBTsIjrm.jpeg,駐輪場。自転車で通学する学生が利用している。
1UH5zcLIPUX1vrBt5nDz2PokTrOWFO5bN.jpeg,κ館、教室後方から撮った写真。キャスター付きの椅子が特徴
1N92dlUuoEZDhWjZ21_CzhWTEvgeCIbsU.jpeg,κの教室内から鴨池を望んだ写真。紅葉が見頃
1-5FApuqFmpd83wQI4WqBVYP8ZvoTVGs4.jpeg,Ω館1階の教室内。高い天井が特徴のホール
1MD4JNGGSr7LcNENKSE3ujaGzsKmIbSoJ.jpeg,朝のキャンパスを撮ったもの。タロー坂上から撮影
1xifQtiNBFOLnwYPMjF-zvHZ2mYF35qR8.jpeg,5限後に各館からもれる光が綺麗。ε前あたりから
1VPpK6y8pNayNgT-uc0o-5cFm35EQq9PS.jpeg,メディアセンター前からサブウェイを望む。看板の光
1dzyrudmWckXAkRWVwLwDCAR_nMDMgagG.jpeg,真夏のタロー坂は真緑の葉が生い茂る。きれいな自然
1ERwHUVMNk0HHVgcXdJmC831Whnfqm-uP.jpeg,夏?秋へと移り変わる鴨池。サブウェイ前から撮影。
1ryNIRRqlm88pL9TTphhMX8NIReEwdZrP.jpeg,秋本番の鴨池。鴨池周りはオレンジが強い。
1485PEa9SpEink6woV__fwYtoFlUNp0W6.jpeg,北門警備室付近の紅葉模様。ここからがsfcの始まり
1P7-N0_fevvwZCKDMmXaLg7qTUrA2GDOg.jpeg,κ館とε館前から。落ち葉と雲高い空が秋らしい。
1fSCy6lLNZOFe64GwPff6SJQukkgbTblt.jpeg,生協食堂の入口の奥。誰もいないスペースに続く階段
1QMOYSxM8sYDE4l0kiXpahhv3e0noRYDR.jpeg,秋の研究室棟、赤い葉の中に緑の若葉が目立つ。
1w_BGQpTFEaqYfbDP1HTWGG2ajJD_C1tA.jpeg,鴨池。学外の人間にはゴルフ場と区別がつかない。
1c7diwe89UqRU3-UBp5J1PN2VT2PWPbrq.jpeg,メディアセンターの横。なんのデザインが不明のガラス板。
1BW8oWTvzSqkIJHnx-V6ujFtjcqCs_Kaq.jpeg,生協食堂。メニューが増えた。鶏から南蛮丼が食べたかった。
1yU3kfL-wO23-DVlmYqTLYJk_PWVtABm1.jpeg,生協の夜景。周りが静かなのが写真でもわかる。暗い。
1BRF9SkCiAX_-ufe1XtzNEQ8_Cm4CRcig.jpeg,εの入口。SFC特有のがらんどう感が伝わる。
1bn1A3B1Imy3Mu-n7jhxady9BnrCnospG.jpeg,バス停。紅葉が綺麗で、スマホを見てるのはもったいない。
1wZ9Do7LugoEX6sxsfkRIrBtucQDQE6qm.jpeg,εの前から鴨池側を見たところ。全体がよく見える。人は少ない。
1muslTkQhcrp3EDh1HtJT5R50pBhNcKQv.jpeg,秋の休日のSFCの誰もいない大教室。とても静か。
1tCgr1Q-2NWOTnHdrYOaU7h45PGtySORS.jpeg,鴨池ラウンジの二階。きれいな夕日に照らされている。
1vDNu5TMgphak69id-Ld9HUiZO-ox5YMR.jpeg,光に照らされた秋の生協。きれいすぎて見惚れる。
182JohQlfM9uUZSMelmDnfHCeysXfMOhW.jpeg,SFCには鴨池のところでお昼寝している人がいる。
1_rEDPCrgTv416GSt-CBVIjESLjwvHxFV.jpeg,休日のSFCにきた近くに住むと思われる家族
1Rek-uNwYu6KNRY4r_xIaqYjdABqxEdXx.jpeg,かっこよく光に照らされるSFCのオメガ館
1imxoMhBmrxNo1SDyksB_XYN8jzzHR5xm.jpeg,SFCから見上げたきれいな秋の空。透き通っている。
1wAaeVkIx4ohoYmAkFZerLXlb8XwVpAcu.jpeg,オメガ館の現代建築っぽい階段。みんなが通った痕跡がある。
1WYc45CzWlnZ5gMuI_y6XDS723vdft6Ne.jpeg,白黒でかっこ良すぎるSFCのメディアセンター
1Qxqt6rcHVst3nxpnol1tcsQaSxeY7-_D.jpeg,サブウェイまでの道のりにあるSFCの秋色の木々
16Ra-TIGoFrfCvE67uYuCx_1RSgvZVXZ_.jpeg,売店ここでみんながお昼ご飯を買ったりします
1jO-e_-go-Qs0bOHCHF4mCn4l0ZkQL0CU.jpeg,学食を出て階段を登った後のところコンクリーr０
1vAH9xeqM6xKpzIw93LcrbK9YX7goIfNB.jpeg,SFCのどこかのゆか大学院の塔の床である
1TraNCPry_eiqaMQRL0m3GDQ2xdGuGyLX.jpeg,SFCのどこかのゆか大学院の塔の床である
15IdTx8fkdFubKmY3fTY4z3BGbwZUpjOj.jpeg,コンクリーろになっているグレーのい炉の床
1Rh65oNbk0wb64dxDJginui-DSHPJzKNb.jpeg,衝立のようになっている感染予防対策のため
1H6C0XfyqMyFQtnUTbz9f1ESnqMjWWqNL.jpeg,トイレの横に紙が貼ってあるこの扉の向こうに職員
1bL7olLVFdUcODC3hFGKbSIuUotVq5wf3.jpeg,このとうでプログラミングの授業を履修している
1GYrr8JOuU32RSf7Gt4VWmWCNInbENdyE.jpeg,学食の隣にあるローソン青い看板である光っている
1sJNZ3KkQaL4_jEngz662l2CAf78NO55z.jpeg,キャンパスマップのけいじがされているカラーの地図
1ufPUPLf9-LlS1a58hpvglxv02fv91DCM.jpeg,午後の講義中で人が少ないΩ館の広間から見える紅葉
1R-YaoNRh9Rc3DSRJ0kmXu8Yupo5NOSCQ.jpeg,Ω館の前にある消防水利の看板と4つの水口
1KSohnLzp8PFWzvRzo84xS3t35EG2l7-p.jpeg,外から見たメディアセンター1階のFABのガラス
19Wonh4S4BAe23dwWlXjTVxcoAA6CsZkq.jpeg,16時ごろのITCのネットワーク使用状況ディスプレイ
1J1_7e1MBMIxD6aWctbzi3nr5dqMfeBO0.jpeg,少し古びたDOUTORコーヒーの無人販売機
1SB0Js_TVjMo7wYjlap6r3yG8b8H0ilkK.jpeg,16時ごろに撮影した福沢諭吉先生像と枯れ木
17jCBQhz31DbJniT_aTBOj0Sgc3G7vQG5.jpeg,講義中で人がいない場所から撮ったガラス張りのτ館
1F1hBefNLuyTxvumWoy1e_HxdeCvIrhYB.jpeg,夕方に撮影した青空と枯れ木と落ち葉と体育館
1NiD2-ouwvHqJ1TeCdWPFUlpppKrQxjh7.jpeg,体育館前の落ち葉と湘南藤沢キャンパス構内案内図
143GgGStGsNztRv8A4y2OfjLeE9e4I1fs.jpeg,バス停から発車したばかりの総環看と新しい寮の工事現場と紅葉
1GTZth9lW0pMcQaEgvraTdnxyTfF0KPGP.jpeg,サブウェイの上のところにあるサウナにあるような椅子
1AQHZ5OzYskLsu-wd17h_7_Diu-Umj_Sd.jpeg,タウの横にあったインターネットに使ったパラボナアンテナ
1wQ-yzR3zf0FAdjQxlRScsjw7w7PeGRek.jpeg,バスなどの車が転回したり、待機したりするところ。一方通行
1P2VZasIU3DwgKwmTfv9b0l0u8hDvazl_.jpeg,体育館内のストレングスルームにあるパワーラック
1mNPbKVVoPrK7knEg6xl1Uj8n5mefvR3a.jpeg,サブウェイの上のところから見た冬の鴨池とその周辺
1DI8i062_m5hSEV-b7Tmt6x9moF6V6Upq.jpeg,学生生協の学食で売られている商品一覧の中にある鮭丼の写真
1blHfpugPaUUCjl39d4pUaa76_Vt51f8y.jpeg,19時ごろの構内中央にある福沢諭吉先生の銅像の写真。
16E8aeOOxaQWeh4Q4xq61Vm1Ue9hGX3GP.jpeg,メディアセンター前に設置された七夕祭で使用されるステージ
1pViKLqI40PxxR2qHCA-cTFfXmZjDTRwV.jpeg,七夕祭のために水が流されている正面入り口のところの階段
1MIg-JTgFGKjsE57Br_Q6Wc780O6kH0ZU.jpeg,構内に入り、キャンパス建物がちょうど見えてきたあたり
1R3nzFPv1TdOxCZteYtKokLwZNDZZ7caE.jpeg,キャンパス内部からバス停・テニスコート側を撮った写真
1AhRz3-hm83qKAS4p0VBe6s-m71JA43YX.jpeg,正門の階段を登った先の検温を実施ている場所
1uosZVnSEOJsezHTCUJlbxR8-lcpO1Esw.jpeg,メディア館からΩ館とサブウェイの建物を撮った写真
1e3U7YDDw01fAizGGMSlwePW3iZk-t5uS.jpeg,正門とメディアの間からサブウェイの建物を撮った写真
1QrgGguYbIK-NCvp0SK-UyUa1IpMcVqFA.jpeg,鴨池付近からサブウェイや鴨池、Ω館を撮った写真
1SrdHj2gdJwJrKmj4JKRyzkhHQcaIzKQ_.jpeg,正門の前のバス停からキャンパス正門を撮った写真
1nYzBwzmGH_3-nK39P-aHMxKsgJ2i8t6p.jpeg,正門側から撮影した夜のκ館の全体的な写真
12Q3YXxxdFW9CLtEkuB_e8Xe46S-HU1qx.jpeg,τ館の入り口付近から撮った手すりと、キャンパスの写真
15Q6APdT0DvdMvo5eoEm2kkyAx_Axn7Ld.jpeg,キャンパスの内部から撮った鴨池の全体的な写真
1ONWw_UUMzB9SAV8VrtGEq-QOenURYYPG.jpeg,キャンパスの正門方面から撮ったτ館とその手前の階段
1iZC-heqAR2ok3nkBDWMQIGzVhC0tqeyd.jpeg,いつもどこかで工事中、これは何の工事だろう
1pyLouYoTsKVMwkBmFOiyWBrQgd1PX1ly.jpeg,月夜の鴨池前からオメガ館を望むと、照らされた木がきれいだった
1ytyQLB-AJReYiUSBBGuRu6Ik65Nh3HBH.jpeg,体育帰りの一枚、体育館前の駐車場から見上げた空
1zrdrEzofZiip4lhussznTFxj8qOiNp3N.jpeg,A&Tの新部室にレーザーカッターで作られたロゴ貼ってみた
1EV57F0GAZxVjR1kERMN3NgrQdroHFnss.jpeg,部室棟から見上げた、先週の月食のちょうど始まり
1MwGAJiSuRFZe8yS71NVbzz-l0jQDdUzW.jpeg,すごく頑張ってる気持ちになれる、夜のメディセン前
1el0Ixkj-zhZsLdDsZlX3WuR30VypHhyw.jpeg,5限のあとの、とんでもなく長いバス列-depression
1VGYMON5DcUhe73I-OqX6ZWQvi_gWlMEI.jpeg,「みんなで部室に帰りましょ」デルタ前の帰り道
1nyGvnEZieTQ5FIRXwHkPXsjSxLLKzmYi.jpeg,建物の隙間から覗いた、燃えるような夕焼け
1aM1UqvE22K8kbFNMSPwa7Al86vX-c9uz.jpeg,月食その２、10分後の体育館前駐車場とデルタ館の間から
1hMJSIcTxtNJnNnuJPGS-LjGBPnqirgqZ.jpeg,SFC正面階段の近くにある，SFCの案内図．
1vPwCnWLn5vnOC0VEH1N1_UCQlk2f-sCO.jpeg,SFC正面階段の中間地点からオメガ館を撮影．
1sFp9L8tTi-2fr84moNjPHsHQsORIpNGf.jpeg,SFCデルタ館を撮影．夜のため薄暗く写っている．
1rtRKqTQg4hgWBt3B7YiB-zGXgiiC-IwJ.jpeg,SFCオメガ館をサブウェイの前から撮影．漏れる光が綺麗．
1Lku6Fw_c7hedFeh5QJ9Nv2t87gmGH2mA.jpeg,SFCにあるサブウェイ．暗闇に光る食事処，まるでオアシス．
19nXWK6KBhSu5_PQIz4CcjgI0InbvuV-a.jpeg,SFCにあるレディバードを撮影．右奥に別のレストランもある．
1SsLXKh9zANww3axSLUa8DKRYflD9HXFk.jpeg,SFCグラウンドを入り口から臨む．何人かスポーツをしている．
1QimYBTEGyAJIEKXhb4AYd4cURkv2WnB4.jpeg,SFC部室棟が右手手前から右手奥にかけて建っている．
1U_c5V16JD2cg2uCB46JKVMsXVXTPrU1N.jpeg,SFC体育館を正面から撮影．全景．ガンマ館．
1-t6ru5pGyOlljgndKWe9wOr5PZ9ajlmF.jpeg,SFC体育館のアリーナでアリーナを撮影．広い．
1zjO6t322gPIi9GbC_awhWylIFM__xd7p.jpeg,メディアセンターの入り口、入館ゲートの前
1SELLuNz8yC0zaNR_pqbXx7tckdx_6FhL.jpeg,メディアセンターを過ぎたところにある福澤諭吉像
1ncc3WP6zMHHJ98tkcmn8fou2WT4JcqpG.jpeg,グラウンド横にあるSFC体育館を、外から撮影
1YjvmpILgxCXXuFN8D-uP0jclTY5A_BZr.jpeg,SFC体育館の横にある大学グラウンドを撮影
1oBkqk1iFbXNrlkjyVbedmcZTfqf7l7T-.jpeg,研究・教室棟の奥にある大学院棟のτ(タウ)館
1HvZveLUAHD1NaZSRqm0KisrlyW7kNhOV.jpeg,研究・教室棟の1つであるκ(カッパ)館を撮影
1afQ-YbQ5URsD5X_6NqLu9TMUwTgmhvh4.jpeg,研究・教室棟のΣ(シグマ)館1階の購買部入り口
1rc6LuL3dbpqSDHZXI7WHi3jAbM2hEabT.jpeg,Σ(シグマ)館の近くから撮影したガリバー池
1xAkm1RNqmwWrI3Hbm8GkNhOJ1iYtrjgg.jpeg,ガリバー池近くから撮影したサブウェイと学生ラウンジ
13IIxDF3-2qzYoKeWSii02FAgBTL-Sb-o.jpeg,キャンパス入口の階段近くから撮影したΑ(アルファ)館
181Tuq3_zEbNYWrL39YqeB2B-IGBvF47r.jpeg,紅葉している木の並ぶSFCの登校するまでの道
1q0ttINBO8MMp_UHWMQD-VezbOBOlTQ4j.jpeg,緑色の植物の茂みの中に紅葉した葉っぱが落ちている
1marHFhOXFFwy53cX_g0lDAx9RaVUVbJ_.jpeg,葉が枯れた茂みの奥に芝生と貯水池が見える様子
1UOXL0gHWMMPNJKVx1wHt9RtpJBgVaRS9.jpeg,チェーンソーを使って茂みの手入れをしている作業員
1clOK6LQmvmr9o3jLBeb-cIspQNs72woa.jpeg,真っ赤に紅葉した葉をつけた木と青空が登下校の道から見える様子
1hzQ9VKr8xQ_5bZ2_qao99r3ILKcDks2B.jpeg,茂みの中に遊水池に関する説明が書いてある看板が立っている
1c-bd0dlr7y8pos26Bcy-DDd02uMuX_q4.jpeg,駐輪場に自転車を停めてから登校をする生徒の様子
1a8puSJ68UH4-RdFuITAG43qwn7ksRqRm.jpeg,校内を巡回する運転手がいる自動運転バスが走っている
1QJ5j2o4aF2PblJ99y0z7YKAiiVjW8FeN.jpeg,学校の入り口で警備をしている守衛室の様子
1CzQlNr0IBcTMkUseg-lr_NTuOBUAUaIA.jpeg,学校の入り口にある関係者以外立ち入り禁止の看板
1aoeIZHNs2quvagp64ECZcpkLT4H6SmJg.jpeg,λ館男子トイレ。小4個室2。リニューアル済み
1UiRyl2_mC3TgxA6L8GQ2fbusZ9VdPDn5.jpeg,Ο館男子トイレ。小10個室3。リニューアルされてない。
16kEIPjnnIFeaK9l-dQ3AlvmjTWuDbeVv.jpeg,ι館男子トイレ。小10個室3。リニューアル済み
157Coet1BW4Bl1Nf9qRjDQaxfDI5aCUNV.jpeg,ε館男子トイレ。小10個室3。リニューアル済み。
159JfP0aXBRAjQ8uSREWWGeS_k6F5JsmK.jpeg,κ館男子トイレ。小10個室3。改修済み。
1rfy_uIZHRhIA3QwgZQZxI-i2VQx9ZUjs.jpeg,生協地下男子トイレ。小6個室4。リニューアル済み。
1bL_M68zJoFCYxd7fzbEgv_bJ4KPnOnkd.jpeg,Ω館男子トイレ。小4個室2。規模にしては小さい。
1GeU4k6r3izSKR43DFMFc1lR0HTn6wSR2.jpeg,Α館男子トイレ。小4個室2。きたない。未改修。
1J6_dFk24M8dbJN7kc-mKAdO9seMK3I5O.jpeg,θ館男子トイレ。小9個室4。デカくてよい。
1QtT9KMQYPv8F-GaAIGot3k_ee4knu1h6.jpeg,正門横男子トイレ。小2個室1。とても汚い。未改修。
